Project Name,Package Name,Type Name,NOF,NOPF,NOM,NOPM,LOC,WMC,NC,DIT,LCOM,FANIN,FANOUT,File path,Line no
asset-share-commons,com.adobe.aem.commons.assetshare.configuration.impl,ConfigImplTest,2,1,4,4,25,4,0,0,0.0,0,2,/Users/gwendolynehenriette/Desktop/DesigniteJava/../asset-share-commons/core/src/test/java/com/adobe/aem/commons/assetshare/configuration/impl/ConfigImplTest.java,18
asset-share-commons,com.adobe.aem.commons.assetshare.configuration.impl,AssetDetails404Servlet,1,0,2,1,18,3,0,0,1.0,0,1,/Users/gwendolynehenriette/Desktop/DesigniteJava/../asset-share-commons/core/src/main/java/com/adobe/aem/commons/assetshare/configuration/impl/AssetDetails404Servlet.java,36
asset-share-commons,com.adobe.aem.commons.assetshare.configuration.impl,AssetDetailsImpl,5,0,2,2,23,4,0,0,0.0,0,5,/Users/gwendolynehenriette/Desktop/DesigniteJava/../asset-share-commons/core/src/main/java/com/adobe/aem/commons/assetshare/configuration/impl/AssetDetailsImpl.java,36
asset-share-commons,com.adobe.aem.commons.assetshare.configuration.impl,AssetDetailsResolverImpl,1,0,4,2,40,11,0,0,0.0,0,3,/Users/gwendolynehenriette/Desktop/DesigniteJava/../asset-share-commons/core/src/main/java/com/adobe/aem/commons/assetshare/configuration/impl/AssetDetailsResolverImpl.java,37
asset-share-commons,com.adobe.aem.commons.assetshare.configuration.impl,MessagesImpl,8,0,5,3,44,10,0,0,0.4,0,1,/Users/gwendolynehenriette/Desktop/DesigniteJava/../asset-share-commons/core/src/main/java/com/adobe/aem/commons/assetshare/configuration/impl/MessagesImpl.java,39
asset-share-commons,com.adobe.aem.commons.assetshare.configuration.impl,ConfigImpl,31,4,29,24,200,46,0,0,0.06896551724137931,1,4,/Users/gwendolynehenriette/Desktop/DesigniteJava/../asset-share-commons/core/src/main/java/com/adobe/aem/commons/assetshare/configuration/impl/ConfigImpl.java,52
asset-share-commons,com.adobe.aem.commons.assetshare.configuration.impl,ConfigImpl.ActionEnablements,1,0,0,0,13,0,0,0,-1.0,0,0,/Users/gwendolynehenriette/Desktop/DesigniteJava/../asset-share-commons/core/src/main/java/com/adobe/aem/commons/assetshare/configuration/impl/ConfigImpl.java,347
asset-share-commons,com.adobe.aem.commons.assetshare.util.impl,ServletHelperImplTest,1,1,2,2,16,2,0,0,0.0,0,1,/Users/gwendolynehenriette/Desktop/DesigniteJava/../asset-share-commons/core/src/test/java/com/adobe/aem/commons/assetshare/util/impl/ServletHelperImplTest.java,14
asset-share-commons,com.adobe.aem.commons.assetshare.util.impl,OakIndexResolverTest,1,1,2,2,9,2,0,0,0.0,0,1,/Users/gwendolynehenriette/Desktop/DesigniteJava/../asset-share-commons/core/src/test/java/com/adobe/aem/commons/assetshare/util/impl/OakIndexResolverTest.java,11
asset-share-commons,com.adobe.aem.commons.assetshare.util.impl,RequireAemImplTest,1,1,8,6,43,8,0,0,0.0,0,3,/Users/gwendolynehenriette/Desktop/DesigniteJava/../asset-share-commons/core/src/test/java/com/adobe/aem/commons/assetshare/util/impl/RequireAemImplTest.java,36
asset-share-commons,com.adobe.aem.commons.assetshare.util.impl,ExpressionEvaluatorImplTest,2,1,2,2,19,2,0,0,0.0,0,4,/Users/gwendolynehenriette/Desktop/DesigniteJava/../asset-share-commons/core/src/test/java/com/adobe/aem/commons/assetshare/util/impl/ExpressionEvaluatorImplTest.java,18
asset-share-commons,com.adobe.aem.commons.assetshare.util.impl,JsonResolverImplTest,1,1,4,4,28,4,0,0,0.0,0,1,/Users/gwendolynehenriette/Desktop/DesigniteJava/../asset-share-commons/core/src/test/java/com/adobe/aem/commons/assetshare/util/impl/JsonResolverImplTest.java,33
asset-share-commons,com.adobe.aem.commons.assetshare.util.impl,ServletHelperImpl,1,0,2,1,18,2,0,0,0.0,0,0,/Users/gwendolynehenriette/Desktop/DesigniteJava/../asset-share-commons/core/src/main/java/com/adobe/aem/commons/assetshare/util/impl/ServletHelperImpl.java,35
asset-share-commons,com.adobe.aem.commons.assetshare.util.impl,RequireAemImpl,8,0,5,2,53,10,0,0,0.0,1,1,/Users/gwendolynehenriette/Desktop/DesigniteJava/../asset-share-commons/core/src/main/java/com/adobe/aem/commons/assetshare/util/impl/RequireAemImpl.java,46
asset-share-commons,com.adobe.aem.commons.assetshare.util.impl,JsonResolverImpl,1,0,6,1,105,18,0,0,0.0,0,1,/Users/gwendolynehenriette/Desktop/DesigniteJava/../asset-share-commons/core/src/main/java/com/adobe/aem/commons/assetshare/util/impl/JsonResolverImpl.java,55
asset-share-commons,com.adobe.aem.commons.assetshare.util.impl,RequireAemCanary,0,0,0,0,5,0,1,0,-1.0,2,0,/Users/gwendolynehenriette/Desktop/DesigniteJava/../asset-share-commons/core/src/main/java/com/adobe/aem/commons/assetshare/util/impl/RequireAemCanary.java,24
asset-share-commons,com.adobe.aem.commons.assetshare.util.impl,MimeTypeHelperImpl,1,0,2,1,14,2,0,0,0.0,0,0,/Users/gwendolynehenriette/Desktop/DesigniteJava/../asset-share-commons/core/src/main/java/com/adobe/aem/commons/assetshare/util/impl/MimeTypeHelperImpl.java,13
asset-share-commons,com.adobe.aem.commons.assetshare.util.impl,EmailServiceImpl,8,2,8,4,166,32,0,0,0.0,0,1,/Users/gwendolynehenriette/Desktop/DesigniteJava/../asset-share-commons/core/src/main/java/com/adobe/aem/commons/assetshare/util/impl/EmailServiceImpl.java,65
asset-share-commons,com.adobe.aem.commons.assetshare.util.impl,OakIndexResolver,4,0,3,1,52,8,0,0,1.0,2,0,/Users/gwendolynehenriette/Desktop/DesigniteJava/../asset-share-commons/core/src/main/java/com/adobe/aem/commons/assetshare/util/impl/OakIndexResolver.java,17
asset-share-commons,com.adobe.aem.commons.assetshare.util.impl,DataSourceBuilderImpl,0,0,2,1,36,4,0,0,-1.0,0,0,/Users/gwendolynehenriette/Desktop/DesigniteJava/../asset-share-commons/core/src/main/java/com/adobe/aem/commons/assetshare/util/impl/DataSourceBuilderImpl.java,40
asset-share-commons,com.adobe.aem.commons.assetshare.util.impl,AbstractHTLMap,1,0,11,11,36,11,1,0,0.7272727272727273,0,0,/Users/gwendolynehenriette/Desktop/DesigniteJava/../asset-share-commons/core/src/main/java/com/adobe/aem/commons/assetshare/util/impl/AbstractHTLMap.java,8
asset-share-commons,com.adobe.aem.commons.assetshare.util.impl,ExpressionEvaluatorImpl,11,1,7,7,85,8,0,0,1.0,0,2,/Users/gwendolynehenriette/Desktop/DesigniteJava/../asset-share-commons/core/src/main/java/com/adobe/aem/commons/assetshare/util/impl/ExpressionEvaluatorImpl.java,38
asset-share-commons,com.adobe.aem.commons.assetshare.util.impl,ModelCacheImpl,5,0,3,2,49,9,0,1,0.6666666666666666,0,0,/Users/gwendolynehenriette/Desktop/DesigniteJava/../asset-share-commons/core/src/main/java/com/adobe/aem/commons/assetshare/util/impl/ModelCacheImpl.java,13
asset-share-commons,com.adobe.aem.commons.assetshare.util.impl,RequireAemCanaryImpl,1,0,0,0,6,0,0,1,-1.0,0,0,/Users/gwendolynehenriette/Desktop/DesigniteJava/../asset-share-commons/core.cloud/src/main/java/com/adobe/aem/commons/assetshare/util/impl/RequireAemCanaryImpl.java,28
asset-share-commons,com.adobe.aem.commons.assetshare.util,PredicateUtilTest,0,0,1,1,28,1,0,0,-1.0,0,1,/Users/gwendolynehenriette/Desktop/DesigniteJava/../asset-share-commons/core/src/test/java/com/adobe/aem/commons/assetshare/util/PredicateUtilTest.java,11
asset-share-commons,com.adobe.aem.commons.assetshare.util,UrlUtilTest,0,0,6,6,49,6,0,0,-1.0,0,1,/Users/gwendolynehenriette/Desktop/DesigniteJava/../asset-share-commons/core/src/test/java/com/adobe/aem/commons/assetshare/util/UrlUtilTest.java,25
asset-share-commons,com.adobe.aem.commons.assetshare.util,UrlUtil,1,0,5,3,88,16,0,0,0.0,9,0,/Users/gwendolynehenriette/Desktop/DesigniteJava/../asset-share-commons/core/src/main/java/com/adobe/aem/commons/assetshare/util/UrlUtil.java,30
asset-share-commons,com.adobe.aem.commons.assetshare.util,ExpressionEvaluator,29,0,7,0,40,7,0,0,-1.0,10,3,/Users/gwendolynehenriette/Desktop/DesigniteJava/../asset-share-commons/core/src/main/java/com/adobe/aem/commons/assetshare/util/ExpressionEvaluator.java,30
asset-share-commons,com.adobe.aem.commons.assetshare.util,MimeTypeHelper,0,0,1,0,7,1,0,0,-1.0,4,0,/Users/gwendolynehenriette/Desktop/DesigniteJava/../asset-share-commons/core/src/main/java/com/adobe/aem/commons/assetshare/util/MimeTypeHelper.java,5
asset-share-commons,com.adobe.aem.commons.assetshare.util,WorkflowUtil,0,0,3,3,22,4,0,0,-1.0,1,0,/Users/gwendolynehenriette/Desktop/DesigniteJava/../asset-share-commons/core/src/main/java/com/adobe/aem/commons/assetshare/util/WorkflowUtil.java,8
asset-share-commons,com.adobe.aem.commons.assetshare.util,ResourceTypeVisitor,2,0,5,3,40,9,1,0,0.4,2,0,/Users/gwendolynehenriette/Desktop/DesigniteJava/../asset-share-commons/core/src/main/java/com/adobe/aem/commons/assetshare/util/ResourceTypeVisitor.java,30
asset-share-commons,com.adobe.aem.commons.assetshare.util,PredicateUtil,0,0,8,6,116,19,0,0,-1.0,11,1,/Users/gwendolynehenriette/Desktop/DesigniteJava/../asset-share-commons/core/src/main/java/com/adobe/aem/commons/assetshare/util/PredicateUtil.java,40
asset-share-commons,com.adobe.aem.commons.assetshare.util,DataSourceBuilder,4,0,1,0,7,1,0,0,-1.0,12,0,/Users/gwendolynehenriette/Desktop/DesigniteJava/../asset-share-commons/core/src/main/java/com/adobe/aem/commons/assetshare/util/DataSourceBuilder.java,26
asset-share-commons,com.adobe.aem.commons.assetshare.util,ServletHelper,0,0,1,0,8,1,0,0,-1.0,3,0,/Users/gwendolynehenriette/Desktop/DesigniteJava/../asset-share-commons/core/src/main/java/com/adobe/aem/commons/assetshare/util/ServletHelper.java,26
asset-share-commons,com.adobe.aem.commons.assetshare.util,JsonResolver,0,0,1,0,13,1,0,0,-1.0,3,0,/Users/gwendolynehenriette/Desktop/DesigniteJava/../asset-share-commons/core/src/main/java/com/adobe/aem/commons/assetshare/util/JsonResolver.java,27
asset-share-commons,com.adobe.aem.commons.assetshare.util,ModelCache,0,0,2,0,18,2,0,0,-1.0,1,0,/Users/gwendolynehenriette/Desktop/DesigniteJava/../asset-share-commons/core/src/main/java/com/adobe/aem/commons/assetshare/util/ModelCache.java,5
asset-share-commons,com.adobe.aem.commons.assetshare.util,ComponentModelVisitor,4,0,4,2,45,8,0,1,0.0,1,0,/Users/gwendolynehenriette/Desktop/DesigniteJava/../asset-share-commons/core/src/main/java/com/adobe/aem/commons/assetshare/util/ComponentModelVisitor.java,10
asset-share-commons,com.adobe.aem.commons.assetshare.util,ForcedInheritanceValueMapWrapper,1,0,15,15,51,15,0,0,0.0,0,0,/Users/gwendolynehenriette/Desktop/DesigniteJava/../asset-share-commons/core/src/main/java/com/adobe/aem/commons/assetshare/util/ForcedInheritanceValueMapWrapper.java,29
asset-share-commons,com.adobe.aem.commons.assetshare.util,RequireAem,2,0,6,2,26,6,0,0,-1.0,17,0,/Users/gwendolynehenriette/Desktop/DesigniteJava/../asset-share-commons/core/src/main/java/com/adobe/aem/commons/assetshare/util/RequireAem.java,27
asset-share-commons,com.adobe.aem.commons.assetshare.util,RequireAem.Distribution,1,0,0,0,8,0,0,0,-1.0,0,0,/Users/gwendolynehenriette/Desktop/DesigniteJava/../asset-share-commons/core/src/main/java/com/adobe/aem/commons/assetshare/util/RequireAem.java,63
asset-share-commons,com.adobe.aem.commons.assetshare.util,RequireAem.ServiceType,1,0,0,0,8,0,0,0,-1.0,0,0,/Users/gwendolynehenriette/Desktop/DesigniteJava/../asset-share-commons/core/src/main/java/com/adobe/aem/commons/assetshare/util/RequireAem.java,78
asset-share-commons,com.adobe.aem.commons.assetshare.util,EmailService,4,4,4,0,55,4,0,0,-1.0,2,0,/Users/gwendolynehenriette/Desktop/DesigniteJava/../asset-share-commons/core/src/main/java/com/adobe/aem/commons/assetshare/util/EmailService.java,29
asset-share-commons,com.adobe.aem.commons.assetshare.util.assetkit.impl.datasources,ComponentUpdatersDataSourceTest,2,1,3,2,31,4,0,0,0.0,0,3,/Users/gwendolynehenriette/Desktop/DesigniteJava/../asset-share-commons/core/src/test/java/com/adobe/aem/commons/assetshare/util/assetkit/impl/datasources/ComponentUpdatersDataSourceTest.java,27
asset-share-commons,com.adobe.aem.commons.assetshare.util.assetkit.impl.datasources,PagePathGeneratorsDataSource,3,0,1,0,14,3,0,0,0.0,0,1,/Users/gwendolynehenriette/Desktop/DesigniteJava/../asset-share-commons/core/src/main/java/com/adobe/aem/commons/assetshare/util/assetkit/impl/datasources/PagePathGeneratorsDataSource.java,34
asset-share-commons,com.adobe.aem.commons.assetshare.util.assetkit.impl.datasources,ComponentUpdatersDataSource,3,0,1,0,14,3,0,0,0.0,1,1,/Users/gwendolynehenriette/Desktop/DesigniteJava/../asset-share-commons/core/src/main/java/com/adobe/aem/commons/assetshare/util/assetkit/impl/datasources/ComponentUpdatersDataSource.java,34
asset-share-commons,com.adobe.aem.commons.assetshare.util.assetkit.impl,AssetKitHelperImplTest,4,1,8,8,66,8,0,0,0.0,0,2,/Users/gwendolynehenriette/Desktop/DesigniteJava/../asset-share-commons/core/src/test/java/com/adobe/aem/commons/assetshare/util/assetkit/impl/AssetKitHelperImplTest.java,25
asset-share-commons,com.adobe.aem.commons.assetshare.util.assetkit.impl,AssetKitHelperImpl,2,0,10,10,88,22,0,0,0.2,0,1,/Users/gwendolynehenriette/Desktop/DesigniteJava/../asset-share-commons/core/src/main/java/com/adobe/aem/commons/assetshare/util/assetkit/impl/AssetKitHelperImpl.java,47
asset-share-commons,com.adobe.aem.commons.assetshare.util.assetkit.impl.componentupdaters,PageMetadataComponentUpdaterImplTest,3,1,3,3,28,3,0,0,0.0,0,1,/Users/gwendolynehenriette/Desktop/DesigniteJava/../asset-share-commons/core/src/test/java/com/adobe/aem/commons/assetshare/util/assetkit/impl/componentupdaters/PageMetadataComponentUpdaterImplTest.java,23
asset-share-commons,com.adobe.aem.commons.assetshare.util.assetkit.impl.componentupdaters,BannerComponentUpdaterImplTest,3,1,3,3,27,3,0,0,0.0,0,1,/Users/gwendolynehenriette/Desktop/DesigniteJava/../asset-share-commons/core/src/test/java/com/adobe/aem/commons/assetshare/util/assetkit/impl/componentupdaters/BannerComponentUpdaterImplTest.java,25
asset-share-commons,com.adobe.aem.commons.assetshare.util.assetkit.impl.componentupdaters,AssetKitComponentUpdaterImplTest,6,1,3,3,66,3,0,0,0.0,0,1,/Users/gwendolynehenriette/Desktop/DesigniteJava/../asset-share-commons/core/src/test/java/com/adobe/aem/commons/assetshare/util/assetkit/impl/componentupdaters/AssetKitComponentUpdaterImplTest.java,34
asset-share-commons,com.adobe.aem.commons.assetshare.util.assetkit.impl.componentupdaters,AssetKitComponentUpdaterImplTest.MockHit,1,0,0,0,33,0,0,0,-1.0,0,0,/Users/gwendolynehenriette/Desktop/DesigniteJava/../asset-share-commons/core/src/test/java/com/adobe/aem/commons/assetshare/util/assetkit/impl/componentupdaters/AssetKitComponentUpdaterImplTest.java,92
asset-share-commons,com.adobe.aem.commons.assetshare.util.assetkit.impl.componentupdaters,BannerComponentUpdaterImpl,3,0,3,2,26,3,0,0,0.6666666666666666,0,1,/Users/gwendolynehenriette/Desktop/DesigniteJava/../asset-share-commons/core/src/main/java/com/adobe/aem/commons/assetshare/util/assetkit/impl/componentupdaters/BannerComponentUpdaterImpl.java,42
asset-share-commons,com.adobe.aem.commons.assetshare.util.assetkit.impl.componentupdaters,AssetKitComponentUpdaterImpl,3,0,3,2,16,3,0,0,0.6666666666666666,0,2,/Users/gwendolynehenriette/Desktop/DesigniteJava/../asset-share-commons/core/src/main/java/com/adobe/aem/commons/assetshare/util/assetkit/impl/componentupdaters/AssetKitComponentUpdaterImpl.java,36
asset-share-commons,com.adobe.aem.commons.assetshare.util.assetkit.impl.componentupdaters,PageMetadataComponentUpdaterImpl,0,0,2,2,13,2,0,0,-1.0,0,0,/Users/gwendolynehenriette/Desktop/DesigniteJava/../asset-share-commons/core/src/main/java/com/adobe/aem/commons/assetshare/util/assetkit/impl/componentupdaters/PageMetadataComponentUpdaterImpl.java,32
asset-share-commons,com.adobe.aem.commons.assetshare.testhelpers,TestOptionsImpl,4,0,3,3,42,4,0,0,0.6666666666666666,0,0,/Users/gwendolynehenriette/Desktop/DesigniteJava/../asset-share-commons/core/src/test/java/com/adobe/aem/commons/assetshare/testhelpers/TestOptionsImpl.java,11
asset-share-commons,com.adobe.aem.commons.assetshare.testhelpers,TestOptionsImpl.TestOptionItemImpl,2,0,0,0,20,0,0,0,-1.0,0,0,/Users/gwendolynehenriette/Desktop/DesigniteJava/../asset-share-commons/core/src/test/java/com/adobe/aem/commons/assetshare/testhelpers/TestOptionsImpl.java,38
asset-share-commons,com.adobe.aem.commons.assetshare.content.impl.datasources,AssetRenditionsDataSourceTest,2,1,10,9,102,11,0,0,0.0,0,5,/Users/gwendolynehenriette/Desktop/DesigniteJava/../asset-share-commons/core/src/test/java/com/adobe/aem/commons/assetshare/content/impl/datasources/AssetRenditionsDataSourceTest.java,55
asset-share-commons,com.adobe.aem.commons.assetshare.content.impl.datasources,AssetRenditionsDataSource,8,0,4,0,68,14,0,0,0.0,1,3,/Users/gwendolynehenriette/Desktop/DesigniteJava/../asset-share-commons/core/src/main/java/com/adobe/aem/commons/assetshare/content/impl/datasources/AssetRenditionsDataSource.java,48
asset-share-commons,com.adobe.aem.commons.assetshare.content.impl.datasources,ComputedPropertiesDataSource,4,1,2,0,37,10,0,0,0.0,0,2,/Users/gwendolynehenriette/Desktop/DesigniteJava/../asset-share-commons/core/src/main/java/com/adobe/aem/commons/assetshare/content/impl/datasources/ComputedPropertiesDataSource.java,41
asset-share-commons,com.adobe.aem.commons.assetshare.content.impl.datasources,MetadataSchemaPropertiesDataSource,3,0,1,0,17,2,0,0,0.0,0,2,/Users/gwendolynehenriette/Desktop/DesigniteJava/../asset-share-commons/core/src/main/java/com/adobe/aem/commons/assetshare/content/impl/datasources/MetadataSchemaPropertiesDataSource.java,39
asset-share-commons,com.adobe.aem.commons.assetshare.content.impl,MetadataSchemaPropertiesImplTest,1,1,4,4,31,4,0,0,0.75,0,2,/Users/gwendolynehenriette/Desktop/DesigniteJava/../asset-share-commons/core/src/test/java/com/adobe/aem/commons/assetshare/content/impl/MetadataSchemaPropertiesImplTest.java,36
asset-share-commons,com.adobe.aem.commons.assetshare.content.impl,AssetModelImplTest,1,1,5,5,34,5,0,0,0.0,0,4,/Users/gwendolynehenriette/Desktop/DesigniteJava/../asset-share-commons/core/src/test/java/com/adobe/aem/commons/assetshare/content/impl/AssetModelImplTest.java,34
asset-share-commons,com.adobe.aem.commons.assetshare.content.impl,CombinedPropertiesTest,8,1,15,15,154,15,0,0,0.4666666666666667,0,4,/Users/gwendolynehenriette/Desktop/DesigniteJava/../asset-share-commons/core/src/test/java/com/adobe/aem/commons/assetshare/content/impl/CombinedPropertiesTest.java,46
asset-share-commons,com.adobe.aem.commons.assetshare.content.impl,CombinedPropertiesTest.TestWithRequestComputedProperty,0,0,0,0,23,0,0,0,-1.0,0,0,/Users/gwendolynehenriette/Desktop/DesigniteJava/../asset-share-commons/core/src/test/java/com/adobe/aem/commons/assetshare/content/impl/CombinedPropertiesTest.java,233
asset-share-commons,com.adobe.aem.commons.assetshare.content.impl,CombinedPropertiesTest.TestWithNoRequestComputedProperty,0,0,0,0,17,0,0,0,-1.0,0,0,/Users/gwendolynehenriette/Desktop/DesigniteJava/../asset-share-commons/core/src/test/java/com/adobe/aem/commons/assetshare/content/impl/CombinedPropertiesTest.java,271
asset-share-commons,com.adobe.aem.commons.assetshare.content.impl,MetadataSchemaPropertiesImpl,10,0,7,2,139,21,0,0,0.0,1,0,/Users/gwendolynehenriette/Desktop/DesigniteJava/../asset-share-commons/core/src/main/java/com/adobe/aem/commons/assetshare/content/impl/MetadataSchemaPropertiesImpl.java,45
asset-share-commons,com.adobe.aem.commons.assetshare.content.impl,MetadataSchemaPropertiesImpl.MetadataSchemaResourceVisitor,3,0,0,0,50,0,0,0,-1.0,0,0,/Users/gwendolynehenriette/Desktop/DesigniteJava/../asset-share-commons/core/src/main/java/com/adobe/aem/commons/assetshare/content/impl/MetadataSchemaPropertiesImpl.java,155
asset-share-commons,com.adobe.aem.commons.assetshare.content.impl,AssetResolverImpl,1,0,5,3,64,17,0,0,0.4,0,3,/Users/gwendolynehenriette/Desktop/DesigniteJava/../asset-share-commons/core/src/main/java/com/adobe/aem/commons/assetshare/content/impl/AssetResolverImpl.java,39
asset-share-commons,com.adobe.aem.commons.assetshare.content.impl,AssetModelImpl,6,0,10,10,62,16,0,0,0.0,13,4,/Users/gwendolynehenriette/Desktop/DesigniteJava/../asset-share-commons/core/src/main/java/com/adobe/aem/commons/assetshare/content/impl/AssetModelImpl.java,47
asset-share-commons,com.adobe.aem.commons.assetshare.content.impl,CombinedProperties,14,0,18,15,168,37,0,0,0.16666666666666666,1,1,/Users/gwendolynehenriette/Desktop/DesigniteJava/../asset-share-commons/core/src/main/java/com/adobe/aem/commons/assetshare/content/impl/CombinedProperties.java,41
asset-share-commons,com.adobe.aem.commons.assetshare.content.impl,CombinedProperties.ComputedPropertyParameter,3,0,0,0,29,0,0,0,-1.0,0,0,/Users/gwendolynehenriette/Desktop/DesigniteJava/../asset-share-commons/core/src/main/java/com/adobe/aem/commons/assetshare/content/impl/CombinedProperties.java,240
asset-share-commons,com.adobe.aem.commons.assetshare.content.renditions.impl.dispatchers,ExternalRedirectRenditionDispatcherImplTest,3,1,8,8,76,8,0,0,0.0,0,5,/Users/gwendolynehenriette/Desktop/DesigniteJava/../asset-share-commons/core/src/test/java/com/adobe/aem/commons/assetshare/content/renditions/impl/dispatchers/ExternalRedirectRenditionDispatcherImplTest.java,49
asset-share-commons,com.adobe.aem.commons.assetshare.content.renditions.impl.dispatchers,AbstractRenditionDispatcherImplTest,6,0,3,3,41,3,0,0,0.0,0,0,/Users/gwendolynehenriette/Desktop/DesigniteJava/../asset-share-commons/core/src/test/java/com/adobe/aem/commons/assetshare/content/renditions/impl/dispatchers/AbstractRenditionDispatcherImplTest.java,17
asset-share-commons,com.adobe.aem.commons.assetshare.content.renditions.impl.dispatchers,AbstractRenditionDispatcherImplTest.TestRenditionDispatcher,0,0,0,0,16,0,0,1,-1.0,0,0,/Users/gwendolynehenriette/Desktop/DesigniteJava/../asset-share-commons/core/src/test/java/com/adobe/aem/commons/assetshare/content/renditions/impl/dispatchers/AbstractRenditionDispatcherImplTest.java,60
asset-share-commons,com.adobe.aem.commons.assetshare.content.renditions.impl.dispatchers,InternalRedirectRenditionDispatcherImplTest,4,1,12,12,107,12,0,0,0.3333333333333333,0,9,/Users/gwendolynehenriette/Desktop/DesigniteJava/../asset-share-commons/core/src/test/java/com/adobe/aem/commons/assetshare/content/renditions/impl/dispatchers/InternalRedirectRenditionDispatcherImplTest.java,58
asset-share-commons,com.adobe.aem.commons.assetshare.content.renditions.impl.dispatchers,StaticRenditionDispatcherImplTest,2,1,8,8,70,8,0,0,0.0,0,4,/Users/gwendolynehenriette/Desktop/DesigniteJava/../asset-share-commons/core/src/test/java/com/adobe/aem/commons/assetshare/content/renditions/impl/dispatchers/StaticRenditionDispatcherImplTest.java,55
asset-share-commons,com.adobe.aem.commons.assetshare.content.renditions.impl.dispatchers,InternalRedirectRenditionDispatcherImpl,5,0,11,9,89,19,0,1,0.0,1,1,/Users/gwendolynehenriette/Desktop/DesigniteJava/../asset-share-commons/core/src/main/java/com/adobe/aem/commons/assetshare/content/renditions/impl/dispatchers/InternalRedirectRenditionDispatcherImpl.java,51
asset-share-commons,com.adobe.aem.commons.assetshare.content.renditions.impl.dispatchers,ExternalRedirectRenditionDispatcherImpl,7,0,10,9,98,19,0,1,0.0,0,2,/Users/gwendolynehenriette/Desktop/DesigniteJava/../asset-share-commons/core/src/main/java/com/adobe/aem/commons/assetshare/content/renditions/impl/dispatchers/ExternalRedirectRenditionDispatcherImpl.java,51
asset-share-commons,com.adobe.aem.commons.assetshare.content.renditions.impl.dispatchers,StaticRenditionDispatcherImpl,7,0,11,9,102,19,0,1,0.0,0,2,/Users/gwendolynehenriette/Desktop/DesigniteJava/../asset-share-commons/core/src/main/java/com/adobe/aem/commons/assetshare/content/renditions/impl/dispatchers/StaticRenditionDispatcherImpl.java,52
asset-share-commons,com.adobe.aem.commons.assetshare.content.renditions.impl.dispatchers,StaticRenditionDispatcherImpl.PatternRenditionPicker,1,0,0,0,19,0,0,0,-1.0,0,0,/Users/gwendolynehenriette/Desktop/DesigniteJava/../asset-share-commons/core/src/main/java/com/adobe/aem/commons/assetshare/content/renditions/impl/dispatchers/StaticRenditionDispatcherImpl.java,235
asset-share-commons,com.adobe.aem.commons.assetshare.content.renditions.impl.dispatchers,AbstractRenditionDispatcherImpl,3,1,5,3,36,8,5,0,0.4,0,0,/Users/gwendolynehenriette/Desktop/DesigniteJava/../asset-share-commons/core/src/main/java/com/adobe/aem/commons/assetshare/content/renditions/impl/dispatchers/AbstractRenditionDispatcherImpl.java,36
asset-share-commons,com.adobe.aem.commons.assetshare.content.renditions.impl.dispatchers,AssetDeliveryRenditionDispatcherImpl,17,5,13,9,152,29,0,1,0.15384615384615385,0,3,/Users/gwendolynehenriette/Desktop/DesigniteJava/../asset-share-commons/core.cloud/src/main/java/com/adobe/aem/commons/assetshare/content/renditions/impl/dispatchers/AssetDeliveryRenditionDispatcherImpl.java,55
asset-share-commons,com.adobe.aem.commons.assetshare.content.renditions.impl,AssetRenditionDispatchersImplTest,1,1,3,3,29,3,0,0,0.0,0,5,/Users/gwendolynehenriette/Desktop/DesigniteJava/../asset-share-commons/core/src/test/java/com/adobe/aem/commons/assetshare/content/renditions/impl/AssetRenditionDispatchersImplTest.java,22
asset-share-commons,com.adobe.aem.commons.assetshare.content.renditions.impl,AssetRenditionsImplTest,3,1,6,6,67,6,0,0,0.0,0,7,/Users/gwendolynehenriette/Desktop/DesigniteJava/../asset-share-commons/core/src/test/java/com/adobe/aem/commons/assetshare/content/renditions/impl/AssetRenditionsImplTest.java,48
asset-share-commons,com.adobe.aem.commons.assetshare.content.renditions.impl,AssetRenditionServletTest,3,1,7,7,72,7,0,0,0.0,0,6,/Users/gwendolynehenriette/Desktop/DesigniteJava/../asset-share-commons/core/src/test/java/com/adobe/aem/commons/assetshare/content/renditions/impl/AssetRenditionServletTest.java,57
asset-share-commons,com.adobe.aem.commons.assetshare.content.renditions.impl,AssetRenditionServlet,6,1,5,1,81,15,0,0,0.0,5,5,/Users/gwendolynehenriette/Desktop/DesigniteJava/../asset-share-commons/core/src/main/java/com/adobe/aem/commons/assetshare/content/renditions/impl/AssetRenditionServlet.java,52
asset-share-commons,com.adobe.aem.commons.assetshare.content.renditions.impl,AssetRenditionDispatchersImpl,2,0,4,2,28,7,0,0,0.0,0,1,/Users/gwendolynehenriette/Desktop/DesigniteJava/../asset-share-commons/core/src/main/java/com/adobe/aem/commons/assetshare/content/renditions/impl/AssetRenditionDispatchersImpl.java,40
asset-share-commons,com.adobe.aem.commons.assetshare.content.renditions.impl,AssetRenditionsImpl,3,0,4,4,34,6,0,0,0.75,0,4,/Users/gwendolynehenriette/Desktop/DesigniteJava/../asset-share-commons/core/src/main/java/com/adobe/aem/commons/assetshare/content/renditions/impl/AssetRenditionsImpl.java,37
asset-share-commons,com.adobe.aem.commons.assetshare.content.renditions,AssetRenditionParametersTest,2,1,7,7,61,7,0,0,0.0,0,5,/Users/gwendolynehenriette/Desktop/DesigniteJava/../asset-share-commons/core/src/test/java/com/adobe/aem/commons/assetshare/content/renditions/AssetRenditionParametersTest.java,39
asset-share-commons,com.adobe.aem.commons.assetshare.content.renditions,AssetRenditionTest,0,0,3,3,26,3,0,0,-1.0,0,1,/Users/gwendolynehenriette/Desktop/DesigniteJava/../asset-share-commons/core/src/test/java/com/adobe/aem/commons/assetshare/content/renditions/AssetRenditionTest.java,7
asset-share-commons,com.adobe.aem.commons.assetshare.content.renditions,AssetRenditionTracker,0,0,2,0,18,2,0,0,-1.0,0,3,/Users/gwendolynehenriette/Desktop/DesigniteJava/../asset-share-commons/core/src/main/java/com/adobe/aem/commons/assetshare/content/renditions/AssetRenditionTracker.java,7
asset-share-commons,com.adobe.aem.commons.assetshare.content.renditions,AssetRenditionDispatcher,2,2,9,0,67,9,0,0,-1.0,10,3,/Users/gwendolynehenriette/Desktop/DesigniteJava/../asset-share-commons/core/src/main/java/com/adobe/aem/commons/assetshare/content/renditions/AssetRenditionDispatcher.java,34
asset-share-commons,com.adobe.aem.commons.assetshare.content.renditions,AssetRenditionDispatcher.Types,2,2,0,0,4,0,0,0,-1.0,0,0,/Users/gwendolynehenriette/Desktop/DesigniteJava/../asset-share-commons/core/src/main/java/com/adobe/aem/commons/assetshare/content/renditions/AssetRenditionDispatcher.java,40
asset-share-commons,com.adobe.aem.commons.assetshare.content.renditions,AssetRenditionParameters,8,2,13,12,103,23,0,0,0.15384615384615385,13,1,/Users/gwendolynehenriette/Desktop/DesigniteJava/../asset-share-commons/core/src/main/java/com/adobe/aem/commons/assetshare/content/renditions/AssetRenditionParameters.java,36
asset-share-commons,com.adobe.aem.commons.assetshare.content.renditions,AssetRenditions,16,0,4,0,49,4,0,0,-1.0,13,2,/Users/gwendolynehenriette/Desktop/DesigniteJava/../asset-share-commons/core/src/main/java/com/adobe/aem/commons/assetshare/content/renditions/AssetRenditions.java,28
asset-share-commons,com.adobe.aem.commons.assetshare.content.renditions,AssetRenditionDispatchers,0,0,2,0,16,2,0,0,-1.0,12,0,/Users/gwendolynehenriette/Desktop/DesigniteJava/../asset-share-commons/core/src/main/java/com/adobe/aem/commons/assetshare/content/renditions/AssetRenditionDispatchers.java,26
asset-share-commons,com.adobe.aem.commons.assetshare.content.renditions,AssetRendition,5,1,9,8,56,11,0,0,0.0,9,0,/Users/gwendolynehenriette/Desktop/DesigniteJava/../asset-share-commons/core/src/main/java/com/adobe/aem/commons/assetshare/content/renditions/AssetRendition.java,30
asset-share-commons,com.adobe.aem.commons.assetshare.content.renditions.download.impl,AssetRenditionDownloadResponseTest,3,1,9,9,54,9,0,0,0.0,0,1,/Users/gwendolynehenriette/Desktop/DesigniteJava/../asset-share-commons/core/src/test/java/com/adobe/aem/commons/assetshare/content/renditions/download/impl/AssetRenditionDownloadResponseTest.java,34
asset-share-commons,com.adobe.aem.commons.assetshare.content.renditions.download.impl,AssetRenditionsDownloadServletTest,5,1,6,6,76,6,0,0,0.0,0,6,/Users/gwendolynehenriette/Desktop/DesigniteJava/../asset-share-commons/core/src/test/java/com/adobe/aem/commons/assetshare/content/renditions/download/impl/AssetRenditionsDownloadServletTest.java,61
asset-share-commons,com.adobe.aem.commons.assetshare.content.renditions.download.impl,AssetRenditionsExceptionTest,0,0,1,1,6,1,0,0,-1.0,0,1,/Users/gwendolynehenriette/Desktop/DesigniteJava/../asset-share-commons/core/src/test/java/com/adobe/aem/commons/assetshare/content/renditions/download/impl/AssetRenditionsExceptionTest.java,8
asset-share-commons,com.adobe.aem.commons.assetshare.content.renditions.download.impl,AssetRenditionsZipperImplTest,4,1,12,12,98,12,0,0,0.0,0,6,/Users/gwendolynehenriette/Desktop/DesigniteJava/../asset-share-commons/core/src/test/java/com/adobe/aem/commons/assetshare/content/renditions/download/impl/AssetRenditionsZipperImplTest.java,44
asset-share-commons,com.adobe.aem.commons.assetshare.content.renditions.download.impl,AssetRenditionDownloadRequestTest,2,1,5,5,42,5,0,0,0.0,0,1,/Users/gwendolynehenriette/Desktop/DesigniteJava/../asset-share-commons/core/src/test/java/com/adobe/aem/commons/assetshare/content/renditions/download/impl/AssetRenditionDownloadRequestTest.java,34
asset-share-commons,com.adobe.aem.commons.assetshare.content.renditions.download.impl,AssetRenditionsZipperImpl,19,10,10,2,144,22,0,0,0.2,1,2,/Users/gwendolynehenriette/Desktop/DesigniteJava/../asset-share-commons/core/src/main/java/com/adobe/aem/commons/assetshare/content/renditions/download/impl/AssetRenditionsZipperImpl.java,52
asset-share-commons,com.adobe.aem.commons.assetshare.content.renditions.download.impl,AssetRenditionsDownloadServlet,11,0,5,1,49,8,0,0,0.0,1,4,/Users/gwendolynehenriette/Desktop/DesigniteJava/../asset-share-commons/core/src/main/java/com/adobe/aem/commons/assetshare/content/renditions/download/impl/AssetRenditionsDownloadServlet.java,49
asset-share-commons,com.adobe.aem.commons.assetshare.content.renditions.download.impl,AssetRenditionDownloadResponse,6,0,12,12,57,16,0,0,0.16666666666666666,2,0,/Users/gwendolynehenriette/Desktop/DesigniteJava/../asset-share-commons/core/src/main/java/com/adobe/aem/commons/assetshare/content/renditions/download/impl/AssetRenditionDownloadResponse.java,30
asset-share-commons,com.adobe.aem.commons.assetshare.content.renditions.download.impl,AssetRenditionDownloadRequest,7,0,6,5,67,9,0,0,0.0,2,1,/Users/gwendolynehenriette/Desktop/DesigniteJava/../asset-share-commons/core/src/main/java/com/adobe/aem/commons/assetshare/content/renditions/download/impl/AssetRenditionDownloadRequest.java,39
asset-share-commons,com.adobe.aem.commons.assetshare.content.renditions.download.impl,AssetRenditionDownloadRequest.WrappedRequestPathInfoWrapper,0,0,0,0,2,0,0,0,-1.0,0,0,/Users/gwendolynehenriette/Desktop/DesigniteJava/../asset-share-commons/core/src/main/java/com/adobe/aem/commons/assetshare/content/renditions/download/impl/AssetRenditionDownloadRequest.java,133
asset-share-commons,com.adobe.aem.commons.assetshare.content.renditions.download.impl,AssetRenditionStreamerImpl,6,0,6,1,80,11,0,0,0.0,0,7,/Users/gwendolynehenriette/Desktop/DesigniteJava/../asset-share-commons/core/src/main/java/com/adobe/aem/commons/assetshare/content/renditions/download/impl/AssetRenditionStreamerImpl.java,54
asset-share-commons,com.adobe.aem.commons.assetshare.content.renditions.download.impl,AssetRenditionStreamerImpl.StreamImpl,2,0,0,0,14,0,0,0,-1.0,0,0,/Users/gwendolynehenriette/Desktop/DesigniteJava/../asset-share-commons/core/src/main/java/com/adobe/aem/commons/assetshare/content/renditions/download/impl/AssetRenditionStreamerImpl.java,155
asset-share-commons,com.adobe.aem.commons.assetshare.content.properties.impl,ComputedPropertiesImplTest,1,1,2,2,40,2,0,0,0.0,0,4,/Users/gwendolynehenriette/Desktop/DesigniteJava/../asset-share-commons/core/src/test/java/com/adobe/aem/commons/assetshare/content/properties/impl/ComputedPropertiesImplTest.java,33
asset-share-commons,com.adobe.aem.commons.assetshare.content.properties.impl,SmartTagTitlesImpl,6,5,7,4,60,10,0,0,0.42857142857142855,0,0,/Users/gwendolynehenriette/Desktop/DesigniteJava/../asset-share-commons/core/src/main/java/com/adobe/aem/commons/assetshare/content/properties/impl/SmartTagTitlesImpl.java,44
asset-share-commons,com.adobe.aem.commons.assetshare.content.properties.impl,SmartTagTitlesImpl.SmartTagsConfidenceComparator,0,0,0,0,7,0,0,0,-1.0,0,0,/Users/gwendolynehenriette/Desktop/DesigniteJava/../asset-share-commons/core/src/main/java/com/adobe/aem/commons/assetshare/content/properties/impl/SmartTagTitlesImpl.java,139
asset-share-commons,com.adobe.aem.commons.assetshare.content.properties.impl,FileSizeImpl,3,2,5,4,38,8,0,0,0.6,1,0,/Users/gwendolynehenriette/Desktop/DesigniteJava/../asset-share-commons/core/src/main/java/com/adobe/aem/commons/assetshare/content/properties/impl/FileSizeImpl.java,38
asset-share-commons,com.adobe.aem.commons.assetshare.content.properties.impl,HeightImpl,3,2,5,4,28,6,0,0,0.6,0,0,/Users/gwendolynehenriette/Desktop/DesigniteJava/../asset-share-commons/core/src/main/java/com/adobe/aem/commons/assetshare/content/properties/impl/HeightImpl.java,36
asset-share-commons,com.adobe.aem.commons.assetshare.content.properties.impl,FileExtensionImpl,3,2,5,4,23,5,0,0,0.6,0,0,/Users/gwendolynehenriette/Desktop/DesigniteJava/../asset-share-commons/core/src/main/java/com/adobe/aem/commons/assetshare/content/properties/impl/FileExtensionImpl.java,36
asset-share-commons,com.adobe.aem.commons.assetshare.content.properties.impl,LicenseImpl,3,2,5,4,35,8,0,0,0.6,1,0,/Users/gwendolynehenriette/Desktop/DesigniteJava/../asset-share-commons/core/src/main/java/com/adobe/aem/commons/assetshare/content/properties/impl/LicenseImpl.java,36
asset-share-commons,com.adobe.aem.commons.assetshare.content.properties.impl,FileNameImpl,3,2,5,4,23,5,0,0,0.6,1,0,/Users/gwendolynehenriette/Desktop/DesigniteJava/../asset-share-commons/core/src/main/java/com/adobe/aem/commons/assetshare/content/properties/impl/FileNameImpl.java,35
asset-share-commons,com.adobe.aem.commons.assetshare.content.properties.impl,WebRenditionImpl,4,2,5,4,32,7,0,0,0.6,0,2,/Users/gwendolynehenriette/Desktop/DesigniteJava/../asset-share-commons/core/src/main/java/com/adobe/aem/commons/assetshare/content/properties/impl/WebRenditionImpl.java,40
asset-share-commons,com.adobe.aem.commons.assetshare.content.properties.impl,WidthImpl,3,2,5,4,28,6,0,0,0.6,0,0,/Users/gwendolynehenriette/Desktop/DesigniteJava/../asset-share-commons/core/src/main/java/com/adobe/aem/commons/assetshare/content/properties/impl/WidthImpl.java,36
asset-share-commons,com.adobe.aem.commons.assetshare.content.properties.impl,ExpiredImpl,3,2,5,4,26,6,0,0,0.6,0,0,/Users/gwendolynehenriette/Desktop/DesigniteJava/../asset-share-commons/core/src/main/java/com/adobe/aem/commons/assetshare/content/properties/impl/ExpiredImpl.java,37
asset-share-commons,com.adobe.aem.commons.assetshare.content.properties.impl,UrlImpl,4,2,5,4,28,5,1,0,0.6,1,1,/Users/gwendolynehenriette/Desktop/DesigniteJava/../asset-share-commons/core/src/main/java/com/adobe/aem/commons/assetshare/content/properties/impl/UrlImpl.java,37
asset-share-commons,com.adobe.aem.commons.assetshare.content.properties.impl,AssetRenditionImpl,3,2,5,4,28,6,0,0,0.6,0,2,/Users/gwendolynehenriette/Desktop/DesigniteJava/../asset-share-commons/core/src/main/java/com/adobe/aem/commons/assetshare/content/properties/impl/AssetRenditionImpl.java,38
asset-share-commons,com.adobe.aem.commons.assetshare.content.properties.impl,PathImpl,3,2,5,4,23,5,0,0,0.6,0,0,/Users/gwendolynehenriette/Desktop/DesigniteJava/../asset-share-commons/core/src/main/java/com/adobe/aem/commons/assetshare/content/properties/impl/PathImpl.java,32
asset-share-commons,com.adobe.aem.commons.assetshare.content.properties.impl,ComputedPropertiesImpl,7,0,5,1,58,6,0,0,0.4,1,1,/Users/gwendolynehenriette/Desktop/DesigniteJava/../asset-share-commons/core/src/main/java/com/adobe/aem/commons/assetshare/content/properties/impl/ComputedPropertiesImpl.java,45
asset-share-commons,com.adobe.aem.commons.assetshare.content.properties.impl,ComputedPropertiesImpl.RankedComputedProperty,3,0,0,0,19,0,0,0,-1.0,0,1,/Users/gwendolynehenriette/Desktop/DesigniteJava/../asset-share-commons/core/src/main/java/com/adobe/aem/commons/assetshare/content/properties/impl/ComputedPropertiesImpl.java,116
asset-share-commons,com.adobe.aem.commons.assetshare.content.properties.impl,TagTitlesImpl,3,2,5,4,39,8,0,0,0.6,1,0,/Users/gwendolynehenriette/Desktop/DesigniteJava/../asset-share-commons/core/src/main/java/com/adobe/aem/commons/assetshare/content/properties/impl/TagTitlesImpl.java,45
asset-share-commons,com.adobe.aem.commons.assetshare.content.properties.impl,PathEncodedImpl,2,2,3,3,16,3,0,1,1.0,0,0,/Users/gwendolynehenriette/Desktop/DesigniteJava/../asset-share-commons/core/src/main/java/com/adobe/aem/commons/assetshare/content/properties/impl/PathEncodedImpl.java,26
asset-share-commons,com.adobe.aem.commons.assetshare.content.properties.impl,TitleImpl,3,2,5,4,30,6,0,0,0.6,4,0,/Users/gwendolynehenriette/Desktop/DesigniteJava/../asset-share-commons/core/src/main/java/com/adobe/aem/commons/assetshare/content/properties/impl/TitleImpl.java,36
asset-share-commons,com.adobe.aem.commons.assetshare.content.properties.impl,ResolutionImpl,5,2,5,4,34,7,0,0,0.6,0,1,/Users/gwendolynehenriette/Desktop/DesigniteJava/../asset-share-commons/core/src/main/java/com/adobe/aem/commons/assetshare/content/properties/impl/ResolutionImpl.java,37
asset-share-commons,com.adobe.aem.commons.assetshare.content.properties.impl,ThumbnailImpl,5,2,6,5,35,8,0,0,0.6666666666666666,0,2,/Users/gwendolynehenriette/Desktop/DesigniteJava/../asset-share-commons/core/src/main/java/com/adobe/aem/commons/assetshare/content/properties/impl/ThumbnailImpl.java,35
asset-share-commons,com.adobe.aem.commons.assetshare.content.properties.impl,AssetTypeImpl,11,7,6,4,77,13,0,0,0.3333333333333333,1,0,/Users/gwendolynehenriette/Desktop/DesigniteJava/../asset-share-commons/core/src/main/java/com/adobe/aem/commons/assetshare/content/properties/impl/AssetTypeImpl.java,45
asset-share-commons,com.adobe.aem.commons.assetshare.search.impl,FastPropertiesImplTest,1,1,8,8,51,8,0,0,0.0,0,1,/Users/gwendolynehenriette/Desktop/DesigniteJava/../asset-share-commons/core/src/test/java/com/adobe/aem/commons/assetshare/search/impl/FastPropertiesImplTest.java,36
asset-share-commons,com.adobe.aem.commons.assetshare.search.impl,SearchSafetyImpl,0,0,3,3,11,3,0,0,-1.0,0,0,/Users/gwendolynehenriette/Desktop/DesigniteJava/../asset-share-commons/core/src/main/java/com/adobe/aem/commons/assetshare/search/impl/SearchSafetyImpl.java,30
asset-share-commons,com.adobe.aem.commons.assetshare.search.impl,FastPropertiesImpl,9,0,7,6,78,16,0,0,0.8571428571428571,0,1,/Users/gwendolynehenriette/Desktop/DesigniteJava/../asset-share-commons/core/src/main/java/com/adobe/aem/commons/assetshare/search/impl/FastPropertiesImpl.java,49
asset-share-commons,com.adobe.aem.commons.assetshare.search.impl,SearchImpl,12,0,5,4,52,9,0,0,0.4,0,4,/Users/gwendolynehenriette/Desktop/DesigniteJava/../asset-share-commons/core/src/main/java/com/adobe/aem/commons/assetshare/search/impl/SearchImpl.java,47
asset-share-commons,com.adobe.aem.commons.assetshare.search.impl.predicateevaluators,PredicateEvaluatorUtilTest,0,0,2,2,36,2,0,0,-1.0,0,1,/Users/gwendolynehenriette/Desktop/DesigniteJava/../asset-share-commons/core/src/test/java/com/adobe/aem/commons/assetshare/search/impl/predicateevaluators/PredicateEvaluatorUtilTest.java,12
asset-share-commons,com.adobe.aem.commons.assetshare.search.impl.predicateevaluators,PropertyValuesPredicateEvaluatorTest,3,1,17,17,201,17,0,0,0.0,0,1,/Users/gwendolynehenriette/Desktop/DesigniteJava/../asset-share-commons/core/src/test/java/com/adobe/aem/commons/assetshare/search/impl/predicateevaluators/PropertyValuesPredicateEvaluatorTest.java,42
asset-share-commons,com.adobe.aem.commons.assetshare.search.impl.predicateevaluators,PropertyValuesPredicateEvaluator,13,2,18,8,153,33,0,0,0.16666666666666666,4,1,/Users/gwendolynehenriette/Desktop/DesigniteJava/../asset-share-commons/core/src/main/java/com/adobe/aem/commons/assetshare/search/impl/predicateevaluators/PropertyValuesPredicateEvaluator.java,52
asset-share-commons,com.adobe.aem.commons.assetshare.search.impl.predicateevaluators,PredicateEvaluatorUtil,0,0,2,2,20,4,0,0,-1.0,2,0,/Users/gwendolynehenriette/Desktop/DesigniteJava/../asset-share-commons/core/src/main/java/com/adobe/aem/commons/assetshare/search/impl/predicateevaluators/PredicateEvaluatorUtil.java,10
asset-share-commons,com.adobe.aem.commons.assetshare.testing,MockAssetModels,0,0,1,1,23,1,0,0,-1.0,5,4,/Users/gwendolynehenriette/Desktop/DesigniteJava/../asset-share-commons/core/src/test/java/com/adobe/aem/commons/assetshare/testing/MockAssetModels.java,38
asset-share-commons,com.adobe.aem.commons.assetshare.testing,ResourcePathMatcher,1,0,3,3,12,3,0,0,0.0,0,0,/Users/gwendolynehenriette/Desktop/DesigniteJava/../asset-share-commons/core/src/test/java/com/adobe/aem/commons/assetshare/testing/ResourcePathMatcher.java,26
asset-share-commons,com.adobe.aem.commons.assetshare.testing,RequireAemMock,0,0,3,3,13,3,0,0,-1.0,6,1,/Users/gwendolynehenriette/Desktop/DesigniteJava/../asset-share-commons/core/src/test/java/com/adobe/aem/commons/assetshare/testing/RequireAemMock.java,8
asset-share-commons,com.adobe.aem.commons.assetshare.testing,TestOptionsImpl,4,0,3,3,42,4,0,0,0.6666666666666666,0,0,/Users/gwendolynehenriette/Desktop/DesigniteJava/../asset-share-commons/core/src/test/java/com/adobe/aem/commons/assetshare/testing/TestOptionsImpl.java,11
asset-share-commons,com.adobe.aem.commons.assetshare.testing,TestOptionsImpl.TestOptionItemImpl,2,0,0,0,20,0,0,0,-1.0,0,0,/Users/gwendolynehenriette/Desktop/DesigniteJava/../asset-share-commons/core/src/test/java/com/adobe/aem/commons/assetshare/testing/TestOptionsImpl.java,39
asset-share-commons,com.adobe.aem.commons.assetshare.components.predicates.impl,PropertyPredicateImplTest,0,0,3,3,30,3,0,0,-1.0,0,1,/Users/gwendolynehenriette/Desktop/DesigniteJava/../asset-share-commons/core/src/test/java/com/adobe/aem/commons/assetshare/components/predicates/impl/PropertyPredicateImplTest.java,15
asset-share-commons,com.adobe.aem.commons.assetshare.components.predicates.impl,DatePredicateImpl,9,0,14,13,73,19,0,0,0.35714285714285715,0,2,/Users/gwendolynehenriette/Desktop/DesigniteJava/../asset-share-commons/core/src/main/java/com/adobe/aem/commons/assetshare/components/predicates/impl/DatePredicateImpl.java,48
asset-share-commons,com.adobe.aem.commons.assetshare.components.predicates.impl,TagsPredicateImpl,12,0,15,14,79,20,0,0,0.5333333333333333,0,4,/Users/gwendolynehenriette/Desktop/DesigniteJava/../asset-share-commons/core/src/main/java/com/adobe/aem/commons/assetshare/components/predicates/impl/TagsPredicateImpl.java,55
asset-share-commons,com.adobe.aem.commons.assetshare.components.predicates.impl,FulltextPredicateImpl,4,0,14,13,50,14,0,0,0.35714285714285715,0,1,/Users/gwendolynehenriette/Desktop/DesigniteJava/../asset-share-commons/core/src/main/java/com/adobe/aem/commons/assetshare/components/predicates/impl/FulltextPredicateImpl.java,41
asset-share-commons,com.adobe.aem.commons.assetshare.components.predicates.impl,SortPredicateImpl,15,0,12,8,92,19,0,0,0.25,0,3,/Users/gwendolynehenriette/Desktop/DesigniteJava/../asset-share-commons/core/src/main/java/com/adobe/aem/commons/assetshare/components/predicates/impl/SortPredicateImpl.java,51
asset-share-commons,com.adobe.aem.commons.assetshare.components.predicates.impl,PropertyPredicateImpl,20,0,16,14,137,28,0,0,0.5,4,3,/Users/gwendolynehenriette/Desktop/DesigniteJava/../asset-share-commons/core/src/main/java/com/adobe/aem/commons/assetshare/components/predicates/impl/PropertyPredicateImpl.java,58
asset-share-commons,com.adobe.aem.commons.assetshare.components.predicates.impl,PropertyPredicateImpl.TextValueJsonOption,2,0,0,0,14,0,0,0,-1.0,0,0,/Users/gwendolynehenriette/Desktop/DesigniteJava/../asset-share-commons/core/src/main/java/com/adobe/aem/commons/assetshare/components/predicates/impl/PropertyPredicateImpl.java,260
asset-share-commons,com.adobe.aem.commons.assetshare.components.predicates.impl,PagePredicateImpl,8,0,25,13,176,43,0,0,0.24,0,5,/Users/gwendolynehenriette/Desktop/DesigniteJava/../asset-share-commons/core/src/main/java/com/adobe/aem/commons/assetshare/components/predicates/impl/PagePredicateImpl.java,61
asset-share-commons,com.adobe.aem.commons.assetshare.components.predicates.impl,FreeformTextPredicatePredicateImpl,20,0,17,16,102,23,0,0,0.7058823529411765,0,3,/Users/gwendolynehenriette/Desktop/DesigniteJava/../asset-share-commons/core/src/main/java/com/adobe/aem/commons/assetshare/components/predicates/impl/FreeformTextPredicatePredicateImpl.java,50
asset-share-commons,com.adobe.aem.commons.assetshare.components.predicates.impl,PathPredicateImpl,11,0,9,8,61,13,0,0,0.3333333333333333,0,1,/Users/gwendolynehenriette/Desktop/DesigniteJava/../asset-share-commons/core/src/main/java/com/adobe/aem/commons/assetshare/components/predicates/impl/PathPredicateImpl.java,46
asset-share-commons,com.adobe.aem.commons.assetshare.components.predicates.impl,HiddenPredicateImpl,7,0,6,6,68,14,0,0,0.8333333333333334,1,0,/Users/gwendolynehenriette/Desktop/DesigniteJava/../asset-share-commons/core/src/main/java/com/adobe/aem/commons/assetshare/components/predicates/impl/HiddenPredicateImpl.java,45
asset-share-commons,com.adobe.aem.commons.assetshare.components.assetkit.impl,AssetKitImplTest,3,1,6,6,42,6,0,0,0.3333333333333333,0,2,/Users/gwendolynehenriette/Desktop/DesigniteJava/../asset-share-commons/core/src/test/java/com/adobe/aem/commons/assetshare/components/assetkit/impl/AssetKitImplTest.java,33
asset-share-commons,com.adobe.aem.commons.assetshare.components.assetkit.impl,AssetKitFilterImpl,0,0,1,1,5,1,0,0,-1.0,0,0,/Users/gwendolynehenriette/Desktop/DesigniteJava/../asset-share-commons/core/src/main/java/com/adobe/aem/commons/assetshare/components/assetkit/impl/AssetKitFilterImpl.java,29
asset-share-commons,com.adobe.aem.commons.assetshare.components.assetkit.impl,AssetKitImpl,6,1,3,3,24,5,0,0,0.6666666666666666,2,2,/Users/gwendolynehenriette/Desktop/DesigniteJava/../asset-share-commons/core/src/main/java/com/adobe/aem/commons/assetshare/components/assetkit/impl/AssetKitImpl.java,37
asset-share-commons,com.adobe.aem.commons.assetshare.components.details.impl,EditorLinksImplTest,1,1,8,8,57,8,0,0,0.0,0,7,/Users/gwendolynehenriette/Desktop/DesigniteJava/../asset-share-commons/core/src/test/java/com/adobe/aem/commons/assetshare/components/details/impl/EditorLinksImplTest.java,37
asset-share-commons,com.adobe.aem.commons.assetshare.components.details.impl,ImageImplTest,1,1,19,19,108,19,0,0,0.0,0,7,/Users/gwendolynehenriette/Desktop/DesigniteJava/../asset-share-commons/core/src/test/java/com/adobe/aem/commons/assetshare/components/details/impl/ImageImplTest.java,40
asset-share-commons,com.adobe.aem.commons.assetshare.components.details.impl,VideoImplTest,1,1,14,14,79,14,0,0,0.0,0,6,/Users/gwendolynehenriette/Desktop/DesigniteJava/../asset-share-commons/core/src/test/java/com/adobe/aem/commons/assetshare/components/details/impl/VideoImplTest.java,37
asset-share-commons,com.adobe.aem.commons.assetshare.components.details.impl,MetadataImplTest,1,1,15,15,85,15,0,0,0.13333333333333333,0,5,/Users/gwendolynehenriette/Desktop/DesigniteJava/../asset-share-commons/core/src/test/java/com/adobe/aem/commons/assetshare/components/details/impl/MetadataImplTest.java,37
asset-share-commons,com.adobe.aem.commons.assetshare.components.details.impl,ActionButtonsImpl,6,0,6,3,33,8,0,1,0.3333333333333333,0,1,/Users/gwendolynehenriette/Desktop/DesigniteJava/../asset-share-commons/core/src/main/java/com/adobe/aem/commons/assetshare/components/details/impl/ActionButtonsImpl.java,37
asset-share-commons,com.adobe.aem.commons.assetshare.components.details.impl,EditorLinksImpl,8,0,5,5,32,6,0,1,0.4,1,2,/Users/gwendolynehenriette/Desktop/DesigniteJava/../asset-share-commons/core/src/main/java/com/adobe/aem/commons/assetshare/components/details/impl/EditorLinksImpl.java,40
asset-share-commons,com.adobe.aem.commons.assetshare.components.details.impl,ImageImpl,13,0,9,7,86,19,0,1,0.2222222222222222,1,5,/Users/gwendolynehenriette/Desktop/DesigniteJava/../asset-share-commons/core/src/main/java/com/adobe/aem/commons/assetshare/components/details/impl/ImageImpl.java,48
asset-share-commons,com.adobe.aem.commons.assetshare.components.details.impl,VideoImpl,10,0,9,6,89,19,0,1,0.2222222222222222,1,4,/Users/gwendolynehenriette/Desktop/DesigniteJava/../asset-share-commons/core/src/main/java/com/adobe/aem/commons/assetshare/components/details/impl/VideoImpl.java,28
asset-share-commons,com.adobe.aem.commons.assetshare.components.details.impl,AbstractEmptyTextComponent,1,0,1,1,6,1,8,0,0.0,0,0,/Users/gwendolynehenriette/Desktop/DesigniteJava/../asset-share-commons/core/src/main/java/com/adobe/aem/commons/assetshare/components/details/impl/AbstractEmptyTextComponent.java,28
asset-share-commons,com.adobe.aem.commons.assetshare.components.details.impl,RenditionsImpl,28,0,10,6,227,24,0,1,0.3,0,5,/Users/gwendolynehenriette/Desktop/DesigniteJava/../asset-share-commons/core/src/main/java/com/adobe/aem/commons/assetshare/components/details/impl/RenditionsImpl.java,59
asset-share-commons,com.adobe.aem.commons.assetshare.components.details.impl,RenditionsImpl.RenditionImpl,5,0,0,0,41,0,0,0,-1.0,0,0,/Users/gwendolynehenriette/Desktop/DesigniteJava/../asset-share-commons/core/src/main/java/com/adobe/aem/commons/assetshare/components/details/impl/RenditionsImpl.java,233
asset-share-commons,com.adobe.aem.commons.assetshare.components.details.impl,RenditionsImpl.LegacyRenditionImpl,7,0,0,0,53,0,0,0,-1.0,0,0,/Users/gwendolynehenriette/Desktop/DesigniteJava/../asset-share-commons/core/src/main/java/com/adobe/aem/commons/assetshare/components/details/impl/RenditionsImpl.java,284
asset-share-commons,com.adobe.aem.commons.assetshare.components.details.impl,RenditionsImpl.MissingRenditionImpl,1,0,0,0,33,0,0,0,-1.0,0,0,/Users/gwendolynehenriette/Desktop/DesigniteJava/../asset-share-commons/core/src/main/java/com/adobe/aem/commons/assetshare/components/details/impl/RenditionsImpl.java,351
asset-share-commons,com.adobe.aem.commons.assetshare.components.details.impl,TitleImpl,8,0,6,6,51,12,0,1,0.5,0,2,/Users/gwendolynehenriette/Desktop/DesigniteJava/../asset-share-commons/core/src/main/java/com/adobe/aem/commons/assetshare/components/details/impl/TitleImpl.java,42
asset-share-commons,com.adobe.aem.commons.assetshare.components.details.impl,MetadataImpl,22,0,12,11,0,36,0,1,0.25,1,3,/Users/gwendolynehenriette/Desktop/DesigniteJava/../asset-share-commons/core/src/main/java/com/adobe/aem/commons/assetshare/components/details/impl/MetadataImpl.java,52
asset-share-commons,com.adobe.aem.commons.assetshare.components.details.impl,MetadataImpl.JsonOption,2,0,0,0,4,0,0,0,-1.0,0,0,/Users/gwendolynehenriette/Desktop/DesigniteJava/../asset-share-commons/core/src/main/java/com/adobe/aem/commons/assetshare/components/details/impl/MetadataImpl.java,282
asset-share-commons,com.adobe.aem.commons.assetshare.components.details.impl,TagsImpl,7,0,8,4,95,19,0,1,0.25,0,2,/Users/gwendolynehenriette/Desktop/DesigniteJava/../asset-share-commons/core/src/main/java/com/adobe/aem/commons/assetshare/components/details/impl/TagsImpl.java,52
asset-share-commons,com.adobe.aem.commons.assetshare.components.actions.impl,ActionHelperImplTest,7,1,3,3,51,3,0,0,0.0,0,2,/Users/gwendolynehenriette/Desktop/DesigniteJava/../asset-share-commons/core/src/test/java/com/adobe/aem/commons/assetshare/components/actions/impl/ActionHelperImplTest.java,48
asset-share-commons,com.adobe.aem.commons.assetshare.components.actions.impl,ActionHelperImplTest.ResourcePath,1,0,0,0,12,0,0,0,-1.0,0,0,/Users/gwendolynehenriette/Desktop/DesigniteJava/../asset-share-commons/core/src/test/java/com/adobe/aem/commons/assetshare/components/actions/impl/ActionHelperImplTest.java,126
asset-share-commons,com.adobe.aem.commons.assetshare.components.actions.impl,AssetDownloadHelperImplTest,5,1,3,3,30,3,0,0,0.0,0,1,/Users/gwendolynehenriette/Desktop/DesigniteJava/../asset-share-commons/core/src/test/java/com/adobe/aem/commons/assetshare/components/actions/impl/AssetDownloadHelperImplTest.java,25
asset-share-commons,com.adobe.aem.commons.assetshare.components.actions.impl,AssetDownloadHelperImpl,6,0,3,2,41,6,0,0,0.6666666666666666,0,0,/Users/gwendolynehenriette/Desktop/DesigniteJava/../asset-share-commons/core/src/main/java/com/adobe/aem/commons/assetshare/components/actions/impl/AssetDownloadHelperImpl.java,22
asset-share-commons,com.adobe.aem.commons.assetshare.components.actions.impl,ActionHelperImpl,1,0,3,3,30,8,0,0,1.0,0,2,/Users/gwendolynehenriette/Desktop/DesigniteJava/../asset-share-commons/core/src/main/java/com/adobe/aem/commons/assetshare/components/actions/impl/ActionHelperImpl.java,43
asset-share-commons,com.adobe.aem.commons.assetshare.components.actions.impl,ActionPageServlet,3,0,3,2,28,4,0,0,0.6666666666666666,0,0,/Users/gwendolynehenriette/Desktop/DesigniteJava/../asset-share-commons/core/src/main/java/com/adobe/aem/commons/assetshare/components/actions/impl/ActionPageServlet.java,41
asset-share-commons,com.adobe.aem.commons.assetshare.components.actions.impl,ActionPageServlet.GetRequest,1,0,0,0,9,0,0,0,-1.0,0,0,/Users/gwendolynehenriette/Desktop/DesigniteJava/../asset-share-commons/core/src/main/java/com/adobe/aem/commons/assetshare/components/actions/impl/ActionPageServlet.java,71
asset-share-commons,com.adobe.aem.commons.assetshare.configuration.impl.datasources,SearchResultsResourceTypeDataSource,3,0,1,0,45,8,0,0,0.0,0,1,/Users/gwendolynehenriette/Desktop/DesigniteJava/../asset-share-commons/core/src/main/java/com/adobe/aem/commons/assetshare/configuration/impl/datasources/SearchResultsResourceTypeDataSource.java,49
asset-share-commons,com.adobe.aem.commons.assetshare.configuration.impl.datasources,AssetDetailsSelectorDataSource,2,0,1,0,12,2,0,0,0.0,0,1,/Users/gwendolynehenriette/Desktop/DesigniteJava/../asset-share-commons/core/src/main/java/com/adobe/aem/commons/assetshare/configuration/impl/datasources/AssetDetailsSelectorDataSource.java,38
asset-share-commons,com.adobe.aem.commons.assetshare.configuration.impl.resourcestatusproviders,SearchPageConfigurationResourceStatusProvider,8,0,4,2,47,6,0,0,0.0,0,1,/Users/gwendolynehenriette/Desktop/DesigniteJava/../asset-share-commons/core/src/main/java/com/adobe/aem/commons/assetshare/configuration/impl/resourcestatusproviders/SearchPageConfigurationResourceStatusProvider.java,42
asset-share-commons,com.adobe.aem.commons.assetshare.configuration.impl.resourcestatusproviders,AssetDetailsPageConfigurationResourceStatusProvider,6,0,5,2,53,8,0,0,0.0,0,0,/Users/gwendolynehenriette/Desktop/DesigniteJava/../asset-share-commons/core/src/main/java/com/adobe/aem/commons/assetshare/configuration/impl/resourcestatusproviders/AssetDetailsPageConfigurationResourceStatusProvider.java,48
asset-share-commons,com.adobe.aem.commons.assetshare.configuration.impl.selectors,AlwaysUseDefaultSelectorImpl,3,2,5,4,23,5,0,0,0.6,1,2,/Users/gwendolynehenriette/Desktop/DesigniteJava/../asset-share-commons/core/src/main/java/com/adobe/aem/commons/assetshare/configuration/impl/selectors/AlwaysUseDefaultSelectorImpl.java,32
asset-share-commons,com.adobe.aem.commons.assetshare.configuration.impl.selectors,AssetTypeSelectorImpl,3,2,6,4,38,8,0,0,0.5,0,3,/Users/gwendolynehenriette/Desktop/DesigniteJava/../asset-share-commons/core/src/main/java/com/adobe/aem/commons/assetshare/configuration/impl/selectors/AssetTypeSelectorImpl.java,33
asset-share-commons,com.adobe.aem.commons.assetshare.configuration,AssetDetailsResolver,0,0,2,0,21,2,0,0,-1.0,2,2,/Users/gwendolynehenriette/Desktop/DesigniteJava/../asset-share-commons/core/src/main/java/com/adobe/aem/commons/assetshare/configuration/AssetDetailsResolver.java,25
asset-share-commons,com.adobe.aem.commons.assetshare.configuration,AssetDetails,0,0,2,0,12,2,0,0,-1.0,0,0,/Users/gwendolynehenriette/Desktop/DesigniteJava/../asset-share-commons/core/src/main/java/com/adobe/aem/commons/assetshare/configuration/AssetDetails.java,24
asset-share-commons,com.adobe.aem.commons.assetshare.configuration,Messages,0,0,1,0,3,1,0,0,-1.0,0,0,/Users/gwendolynehenriette/Desktop/DesigniteJava/../asset-share-commons/core/src/main/java/com/adobe/aem/commons/assetshare/configuration/Messages.java,28
asset-share-commons,com.adobe.aem.commons.assetshare.configuration,Config,0,0,24,0,109,24,0,0,-1.0,12,0,/Users/gwendolynehenriette/Desktop/DesigniteJava/../asset-share-commons/core/src/main/java/com/adobe/aem/commons/assetshare/configuration/Config.java,29
asset-share-commons,com.adobe.aem.commons.assetshare.configuration,AssetDetailsSelector,2,0,4,0,8,4,0,0,-1.0,1,2,/Users/gwendolynehenriette/Desktop/DesigniteJava/../asset-share-commons/core/src/main/java/com/adobe/aem/commons/assetshare/configuration/AssetDetailsSelector.java,25
asset-share-commons,com.adobe.aem.commons.assetshare.util.impl.responses,IncludableResponseWrapper,1,0,3,3,13,3,0,0,0.6666666666666666,1,0,/Users/gwendolynehenriette/Desktop/DesigniteJava/../asset-share-commons/core/src/main/java/com/adobe/aem/commons/assetshare/util/impl/responses/IncludableResponseWrapper.java,25
asset-share-commons,com.adobe.aem.commons.assetshare.util.impl.requests,ExtensionOverrideRequestWrapper,1,0,2,2,23,2,1,0,0.0,1,1,/Users/gwendolynehenriette/Desktop/DesigniteJava/../asset-share-commons/core/src/main/java/com/adobe/aem/commons/assetshare/util/impl/requests/ExtensionOverrideRequestWrapper.java,32
asset-share-commons,com.adobe.aem.commons.assetshare.util.impl.requests,ExtensionOverrideRequestWrapper.WrappedRequestPathInfoWrapper,0,0,0,0,2,0,0,0,-1.0,0,0,/Users/gwendolynehenriette/Desktop/DesigniteJava/../asset-share-commons/core/src/main/java/com/adobe/aem/commons/assetshare/util/impl/requests/ExtensionOverrideRequestWrapper.java,64
asset-share-commons,com.adobe.aem.commons.assetshare.util.impl.requests,IncludableRequestWrapper,2,0,7,7,39,9,0,1,0.2857142857142857,0,0,/Users/gwendolynehenriette/Desktop/DesigniteJava/../asset-share-commons/core/src/main/java/com/adobe/aem/commons/assetshare/util/impl/requests/IncludableRequestWrapper.java,29
asset-share-commons,com.adobe.aem.commons.assetshare.util.impl.proxies,RequestPathInfoWrapper,3,0,9,8,0,20,0,0,0.0,2,0,/Users/gwendolynehenriette/Desktop/DesigniteJava/../asset-share-commons/core/src/main/java/com/adobe/aem/commons/assetshare/util/impl/proxies/RequestPathInfoWrapper.java,30
asset-share-commons,com.adobe.aem.commons.assetshare.util.assetkit.impl.pagegenerators,YyyyMmPagePathPathGeneratorImpl,1,0,2,2,9,2,0,0,1.0,0,1,/Users/gwendolynehenriette/Desktop/DesigniteJava/../asset-share-commons/core/src/main/java/com/adobe/aem/commons/assetshare/util/assetkit/impl/pagegenerators/YyyyMmPagePathPathGeneratorImpl.java,32
asset-share-commons,com.adobe.aem.commons.assetshare.util.assetkit,AssetKitHelper,0,0,9,0,61,9,0,0,-1.0,7,0,/Users/gwendolynehenriette/Desktop/DesigniteJava/../asset-share-commons/core/src/main/java/com/adobe/aem/commons/assetshare/util/assetkit/AssetKitHelper.java,31
asset-share-commons,com.adobe.aem.commons.assetshare.util.assetkit,PagePathGenerator,0,0,3,0,21,3,0,0,-1.0,0,0,/Users/gwendolynehenriette/Desktop/DesigniteJava/../asset-share-commons/core/src/main/java/com/adobe/aem/commons/assetshare/util/assetkit/PagePathGenerator.java,6
asset-share-commons,com.adobe.aem.commons.assetshare.util.assetkit,ComponentUpdater,0,0,3,0,22,3,0,0,-1.0,4,0,/Users/gwendolynehenriette/Desktop/DesigniteJava/../asset-share-commons/core/src/main/java/com/adobe/aem/commons/assetshare/util/assetkit/ComponentUpdater.java,28
asset-share-commons,com.adobe.aem.commons.assetshare.content.renditions.download,AssetRenditionsDownloadOrchestrator,1,0,2,0,19,2,0,0,-1.0,3,1,/Users/gwendolynehenriette/Desktop/DesigniteJava/../asset-share-commons/core/src/main/java/com/adobe/aem/commons/assetshare/content/renditions/download/AssetRenditionsDownloadOrchestrator.java,30
asset-share-commons,com.adobe.aem.commons.assetshare.content.renditions.download,AssetRenditionStreamer,0,0,1,0,21,1,0,0,-1.0,1,2,/Users/gwendolynehenriette/Desktop/DesigniteJava/../asset-share-commons/core/src/main/java/com/adobe/aem/commons/assetshare/content/renditions/download/AssetRenditionStreamer.java,29
asset-share-commons,com.adobe.aem.commons.assetshare.content.renditions.download,AssetRenditionStreamer.AssetRenditionStream,0,0,0,0,10,0,0,0,-1.0,0,0,/Users/gwendolynehenriette/Desktop/DesigniteJava/../asset-share-commons/core/src/main/java/com/adobe/aem/commons/assetshare/content/renditions/download/AssetRenditionStreamer.java,45
asset-share-commons,com.adobe.aem.commons.assetshare.content.renditions.download,AssetRenditionsException,0,0,1,1,5,1,0,0,-1.0,3,0,/Users/gwendolynehenriette/Desktop/DesigniteJava/../asset-share-commons/core/src/main/java/com/adobe/aem/commons/assetshare/content/renditions/download/AssetRenditionsException.java,22
asset-share-commons,com.adobe.aem.commons.assetshare.content.renditions.download,AssetRenditionsDownloadOrchestratorManager,0,0,1,0,7,1,0,0,-1.0,0,1,/Users/gwendolynehenriette/Desktop/DesigniteJava/../asset-share-commons/core/src/main/java/com/adobe/aem/commons/assetshare/content/renditions/download/AssetRenditionsDownloadOrchestratorManager.java,5
asset-share-commons,com.adobe.aem.commons.assetshare.content.renditions.download,DownloadExtensionResolver,0,0,1,0,9,1,0,0,-1.0,2,2,/Users/gwendolynehenriette/Desktop/DesigniteJava/../asset-share-commons/core/src/main/java/com/adobe/aem/commons/assetshare/content/renditions/download/DownloadExtensionResolver.java,7
asset-share-commons,com.adobe.aem.commons.assetshare.content,Rendition,0,0,8,0,10,8,0,0,-1.0,1,0,/Users/gwendolynehenriette/Desktop/DesigniteJava/../asset-share-commons/core/src/main/java/com/adobe/aem/commons/assetshare/content/Rendition.java,24
asset-share-commons,com.adobe.aem.commons.assetshare.content,AssetModel,1,0,9,0,43,9,0,0,-1.0,48,0,/Users/gwendolynehenriette/Desktop/DesigniteJava/../asset-share-commons/core/src/main/java/com/adobe/aem/commons/assetshare/content/AssetModel.java,31
asset-share-commons,com.adobe.aem.commons.assetshare.content,AssetResolver,0,0,2,0,4,2,0,0,-1.0,12,0,/Users/gwendolynehenriette/Desktop/DesigniteJava/../asset-share-commons/core/src/main/java/com/adobe/aem/commons/assetshare/content/AssetResolver.java,26
asset-share-commons,com.adobe.aem.commons.assetshare.content,MetadataProperties,0,0,2,0,15,2,0,0,-1.0,4,0,/Users/gwendolynehenriette/Desktop/DesigniteJava/../asset-share-commons/core/src/main/java/com/adobe/aem/commons/assetshare/content/MetadataProperties.java,28
asset-share-commons,com.adobe.aem.commons.assetshare.content.properties,ComputedProperties,0,0,1,0,9,1,0,0,-1.0,14,0,/Users/gwendolynehenriette/Desktop/DesigniteJava/../asset-share-commons/core/src/main/java/com/adobe/aem/commons/assetshare/content/properties/ComputedProperties.java,26
asset-share-commons,com.adobe.aem.commons.assetshare.content.properties,AbstractComputedProperty,1,0,10,7,45,13,0,1,0.6,0,0,/Users/gwendolynehenriette/Desktop/DesigniteJava/../asset-share-commons/core/src/main/java/com/adobe/aem/commons/assetshare/content/properties/AbstractComputedProperty.java,33
asset-share-commons,com.adobe.aem.commons.assetshare.content.properties,ComputedProperty,5,4,10,0,76,10,1,0,-1.0,6,0,/Users/gwendolynehenriette/Desktop/DesigniteJava/../asset-share-commons/core/src/main/java/com/adobe/aem/commons/assetshare/content/properties/ComputedProperty.java,27
asset-share-commons,com.adobe.aem.commons.assetshare.content.properties,ComputedProperty.Types,4,4,0,0,6,0,0,0,-1.0,0,0,/Users/gwendolynehenriette/Desktop/DesigniteJava/../asset-share-commons/core/src/main/java/com/adobe/aem/commons/assetshare/content/properties/ComputedProperty.java,117
asset-share-commons,com.adobe.aem.commons.assetshare.search.impl.datasources,OrderablePropertiesDataSource,4,0,1,0,24,3,0,0,0.0,0,3,/Users/gwendolynehenriette/Desktop/DesigniteJava/../asset-share-commons/core/src/main/java/com/adobe/aem/commons/assetshare/search/impl/datasources/OrderablePropertiesDataSource.java,38
asset-share-commons,com.adobe.aem.commons.assetshare.search.impl.datasources,SearchPredicatesDataSource,2,0,1,0,10,1,0,0,0.0,0,1,/Users/gwendolynehenriette/Desktop/DesigniteJava/../asset-share-commons/core/src/main/java/com/adobe/aem/commons/assetshare/search/impl/datasources/SearchPredicatesDataSource.java,38
asset-share-commons,com.adobe.aem.commons.assetshare.search.impl.datasources,FilterablePropertiesDataSource,6,0,2,0,36,6,0,0,0.0,0,3,/Users/gwendolynehenriette/Desktop/DesigniteJava/../asset-share-commons/core/src/main/java/com/adobe/aem/commons/assetshare/search/impl/datasources/FilterablePropertiesDataSource.java,42
asset-share-commons,com.adobe.aem.commons.assetshare.search,FastProperties,3,0,6,0,44,6,0,0,-1.0,3,0,/Users/gwendolynehenriette/Desktop/DesigniteJava/../asset-share-commons/core/src/main/java/com/adobe/aem/commons/assetshare/search/FastProperties.java,28
asset-share-commons,com.adobe.aem.commons.assetshare.search,UnsafeSearchException,0,0,1,1,5,1,0,0,-1.0,0,0,/Users/gwendolynehenriette/Desktop/DesigniteJava/../asset-share-commons/core/src/main/java/com/adobe/aem/commons/assetshare/search/UnsafeSearchException.java,22
asset-share-commons,com.adobe.aem.commons.assetshare.search,Search,0,0,4,0,21,4,0,0,-1.0,1,0,/Users/gwendolynehenriette/Desktop/DesigniteJava/../asset-share-commons/core/src/main/java/com/adobe/aem/commons/assetshare/search/Search.java,25
asset-share-commons,com.adobe.aem.commons.assetshare.search,Constants,1,1,1,0,5,1,0,0,0.0,1,0,/Users/gwendolynehenriette/Desktop/DesigniteJava/../asset-share-commons/core/src/main/java/com/adobe/aem/commons/assetshare/search/Constants.java,22
asset-share-commons,com.adobe.aem.commons.assetshare.search,SearchSafety,0,0,3,0,5,3,0,0,-1.0,1,0,/Users/gwendolynehenriette/Desktop/DesigniteJava/../asset-share-commons/core/src/main/java/com/adobe/aem/commons/assetshare/search/SearchSafety.java,28
asset-share-commons,com.adobe.aem.commons.assetshare.search.searchpredicates.impl,ExcludeSubAssetsImpl,3,2,4,3,21,4,0,0,0.75,0,0,/Users/gwendolynehenriette/Desktop/DesigniteJava/../asset-share-commons/core/src/main/java/com/adobe/aem/commons/assetshare/search/searchpredicates/impl/ExcludeSubAssetsImpl.java,16
asset-share-commons,com.adobe.aem.commons.assetshare.search.searchpredicates.impl,ExcludeContentFragmentsImpl,3,2,4,3,22,4,0,0,0.75,0,0,/Users/gwendolynehenriette/Desktop/DesigniteJava/../asset-share-commons/core/src/main/java/com/adobe/aem/commons/assetshare/search/searchpredicates/impl/ExcludeContentFragmentsImpl.java,16
asset-share-commons,com.adobe.aem.commons.assetshare.search.searchpredicates.impl,ExcludeExpiredAssetsImpl,4,2,4,3,26,4,0,0,0.75,0,0,/Users/gwendolynehenriette/Desktop/DesigniteJava/../asset-share-commons/core/src/main/java/com/adobe/aem/commons/assetshare/search/searchpredicates/impl/ExcludeExpiredAssetsImpl.java,16
asset-share-commons,com.adobe.aem.commons.assetshare.search.searchpredicates,SearchPredicate,0,0,3,0,15,3,0,0,-1.0,0,0,/Users/gwendolynehenriette/Desktop/DesigniteJava/../asset-share-commons/core/src/main/java/com/adobe/aem/commons/assetshare/search/searchpredicates/SearchPredicate.java,7
asset-share-commons,com.adobe.aem.commons.assetshare.search.providers.impl,QuerySearchProviderImpl,6,0,9,2,150,26,0,0,0.2222222222222222,0,7,/Users/gwendolynehenriette/Desktop/DesigniteJava/../asset-share-commons/core/src/main/java/com/adobe/aem/commons/assetshare/search/providers/impl/QuerySearchProviderImpl.java,67
asset-share-commons,com.adobe.aem.commons.assetshare.search.providers,QuerySearchPostProcessor,0,0,1,0,14,1,0,0,-1.0,1,1,/Users/gwendolynehenriette/Desktop/DesigniteJava/../asset-share-commons/core/src/main/java/com/adobe/aem/commons/assetshare/search/providers/QuerySearchPostProcessor.java,10
asset-share-commons,com.adobe.aem.commons.assetshare.search.providers,SearchProvider,1,0,2,0,5,2,0,0,-1.0,0,0,/Users/gwendolynehenriette/Desktop/DesigniteJava/../asset-share-commons/core/src/main/java/com/adobe/aem/commons/assetshare/search/providers/SearchProvider.java,29
asset-share-commons,com.adobe.aem.commons.assetshare.search.providers,QuerySearchPreProcessor,0,0,1,0,12,1,0,0,-1.0,1,0,/Users/gwendolynehenriette/Desktop/DesigniteJava/../asset-share-commons/core/src/main/java/com/adobe/aem/commons/assetshare/search/providers/QuerySearchPreProcessor.java,9
asset-share-commons,com.adobe.aem.commons.assetshare.search.results.impl.result,AssetResultImpl,0,0,2,2,8,2,0,0,-1.0,0,1,/Users/gwendolynehenriette/Desktop/DesigniteJava/../asset-share-commons/core/src/main/java/com/adobe/aem/commons/assetshare/search/results/impl/result/AssetResultImpl.java,30
asset-share-commons,com.adobe.aem.commons.assetshare.search.results.impl.results,EmptyResultsImpl,0,0,1,1,9,1,0,1,-1.0,0,0,/Users/gwendolynehenriette/Desktop/DesigniteJava/../asset-share-commons/core/src/main/java/com/adobe/aem/commons/assetshare/search/results/impl/results/EmptyResultsImpl.java,7
asset-share-commons,com.adobe.aem.commons.assetshare.search.results.impl.results,QueryBuilderResultsImpl,2,0,3,2,22,3,0,1,0.6666666666666666,1,0,/Users/gwendolynehenriette/Desktop/DesigniteJava/../asset-share-commons/core/src/main/java/com/adobe/aem/commons/assetshare/search/results/impl/results/QueryBuilderResultsImpl.java,32
asset-share-commons,com.adobe.aem.commons.assetshare.search.results.impl.results,AbstractResultsImpl,10,0,10,10,42,10,3,0,1.0,0,0,/Users/gwendolynehenriette/Desktop/DesigniteJava/../asset-share-commons/core/src/main/java/com/adobe/aem/commons/assetshare/search/results/impl/results/AbstractResultsImpl.java,30
asset-share-commons,com.adobe.aem.commons.assetshare.search.results.impl.results,ErringResultsImpl,0,0,1,1,10,1,0,1,-1.0,0,0,/Users/gwendolynehenriette/Desktop/DesigniteJava/../asset-share-commons/core/src/main/java/com/adobe/aem/commons/assetshare/search/results/impl/results/ErringResultsImpl.java,7
asset-share-commons,com.adobe.aem.commons.assetshare.search.results,AssetResult,1,0,2,0,11,2,0,1,-1.0,2,0,/Users/gwendolynehenriette/Desktop/DesigniteJava/../asset-share-commons/core/src/main/java/com/adobe/aem/commons/assetshare/search/results/AssetResult.java,25
asset-share-commons,com.adobe.aem.commons.assetshare.search.results,Size,2,0,4,4,22,5,0,0,0.0,1,0,/Users/gwendolynehenriette/Desktop/DesigniteJava/../asset-share-commons/core/src/main/java/com/adobe/aem/commons/assetshare/search/results/Size.java,22
asset-share-commons,com.adobe.aem.commons.assetshare.search.results,FolderResult,1,0,8,0,11,8,0,1,-1.0,0,1,/Users/gwendolynehenriette/Desktop/DesigniteJava/../asset-share-commons/core/src/main/java/com/adobe/aem/commons/assetshare/search/results/FolderResult.java,26
asset-share-commons,com.adobe.aem.commons.assetshare.search.results,ResultsWrapper,1,0,11,11,36,11,0,1,0.0,0,1,/Users/gwendolynehenriette/Desktop/DesigniteJava/../asset-share-commons/core/src/main/java/com/adobe/aem/commons/assetshare/search/results/ResultsWrapper.java,7
asset-share-commons,com.adobe.aem.commons.assetshare.search.results,Results,1,0,10,0,50,10,1,0,-1.0,3,0,/Users/gwendolynehenriette/Desktop/DesigniteJava/../asset-share-commons/core/src/main/java/com/adobe/aem/commons/assetshare/search/results/Results.java,28
asset-share-commons,com.adobe.aem.commons.assetshare.search.results,Results.Status,0,0,0,0,1,0,0,0,-1.0,0,0,/Users/gwendolynehenriette/Desktop/DesigniteJava/../asset-share-commons/core/src/main/java/com/adobe/aem/commons/assetshare/search/results/Results.java,35
asset-share-commons,com.adobe.aem.commons.assetshare.search.results,Result,0,0,3,0,15,3,2,0,-1.0,0,0,/Users/gwendolynehenriette/Desktop/DesigniteJava/../asset-share-commons/core/src/main/java/com/adobe/aem/commons/assetshare/search/results/Result.java,24
asset-share-commons,com.adobe.aem.commons.assetshare.components.predicates,SortPredicate,0,0,4,0,30,4,0,1,-1.0,0,0,/Users/gwendolynehenriette/Desktop/DesigniteJava/../asset-share-commons/core/src/main/java/com/adobe/aem/commons/assetshare/components/predicates/SortPredicate.java,27
asset-share-commons,com.adobe.aem.commons.assetshare.components.predicates,SortPredicate.SortOptionItem,0,0,0,0,6,0,0,0,-1.0,0,0,/Users/gwendolynehenriette/Desktop/DesigniteJava/../asset-share-commons/core/src/main/java/com/adobe/aem/commons/assetshare/components/predicates/SortPredicate.java,49
asset-share-commons,com.adobe.aem.commons.assetshare.components.predicates,AbstractPredicate,13,0,17,12,136,25,0,1,0.23529411764705882,0,0,/Users/gwendolynehenriette/Desktop/DesigniteJava/../asset-share-commons/core/src/main/java/com/adobe/aem/commons/assetshare/components/predicates/AbstractPredicate.java,40
asset-share-commons,com.adobe.aem.commons.assetshare.components.predicates,AbstractPredicate.AlphabeticalOptionItems,0,0,0,0,5,0,0,0,-1.0,0,0,/Users/gwendolynehenriette/Desktop/DesigniteJava/../asset-share-commons/core/src/main/java/com/adobe/aem/commons/assetshare/components/predicates/AbstractPredicate.java,227
asset-share-commons,com.adobe.aem.commons.assetshare.components.predicates,PropertyPredicate,0,0,9,0,41,9,1,1,-1.0,0,0,/Users/gwendolynehenriette/Desktop/DesigniteJava/../asset-share-commons/core/src/main/java/com/adobe/aem/commons/assetshare/components/predicates/PropertyPredicate.java,28
asset-share-commons,com.adobe.aem.commons.assetshare.components.predicates,TagsPredicate,0,0,0,0,2,0,0,2,-1.0,0,0,/Users/gwendolynehenriette/Desktop/DesigniteJava/../asset-share-commons/core/src/main/java/com/adobe/aem/commons/assetshare/components/predicates/TagsPredicate.java,24
asset-share-commons,com.adobe.aem.commons.assetshare.components.predicates,FulltextPredicate,0,0,0,0,2,0,0,0,-1.0,0,0,/Users/gwendolynehenriette/Desktop/DesigniteJava/../asset-share-commons/core/src/main/java/com/adobe/aem/commons/assetshare/components/predicates/FulltextPredicate.java,25
asset-share-commons,com.adobe.aem.commons.assetshare.components.predicates,PagePredicate,0,0,9,0,51,9,0,1,-1.0,1,0,/Users/gwendolynehenriette/Desktop/DesigniteJava/../asset-share-commons/core/src/main/java/com/adobe/aem/commons/assetshare/components/predicates/PagePredicate.java,28
asset-share-commons,com.adobe.aem.commons.assetshare.components.predicates,PagePredicate.ParamTypes,0,0,0,0,4,0,0,0,-1.0,0,0,/Users/gwendolynehenriette/Desktop/DesigniteJava/../asset-share-commons/core/src/main/java/com/adobe/aem/commons/assetshare/components/predicates/PagePredicate.java,36
asset-share-commons,com.adobe.aem.commons.assetshare.components.predicates,FreeformTextPredicate,0,0,11,0,47,11,0,1,-1.0,0,0,/Users/gwendolynehenriette/Desktop/DesigniteJava/../asset-share-commons/core/src/main/java/com/adobe/aem/commons/assetshare/components/predicates/FreeformTextPredicate.java,7
asset-share-commons,com.adobe.aem.commons.assetshare.components.predicates,Predicate,0,0,7,0,40,7,8,0,-1.0,3,0,/Users/gwendolynehenriette/Desktop/DesigniteJava/../asset-share-commons/core/src/main/java/com/adobe/aem/commons/assetshare/components/predicates/Predicate.java,27
asset-share-commons,com.adobe.aem.commons.assetshare.components.predicates,HiddenPredicate,0,0,2,0,12,2,0,1,-1.0,0,0,/Users/gwendolynehenriette/Desktop/DesigniteJava/../asset-share-commons/core/src/main/java/com/adobe/aem/commons/assetshare/components/predicates/HiddenPredicate.java,27
asset-share-commons,com.adobe.aem.commons.assetshare.components.predicates,DatePredicate,0,0,5,0,7,5,0,1,-1.0,0,0,/Users/gwendolynehenriette/Desktop/DesigniteJava/../asset-share-commons/core/src/main/java/com/adobe/aem/commons/assetshare/components/predicates/DatePredicate.java,27
asset-share-commons,com.adobe.aem.commons.assetshare.components.predicates,PathPredicate,0,0,3,0,14,3,0,1,-1.0,0,0,/Users/gwendolynehenriette/Desktop/DesigniteJava/../asset-share-commons/core/src/main/java/com/adobe/aem/commons/assetshare/components/predicates/PathPredicate.java,28
asset-share-commons,com.adobe.aem.commons.assetshare.components.predicates.impl.options,TagOptionItem,3,0,5,5,28,7,0,0,0.4,0,0,/Users/gwendolynehenriette/Desktop/DesigniteJava/../asset-share-commons/core/src/main/java/com/adobe/aem/commons/assetshare/components/predicates/impl/options/TagOptionItem.java,27
asset-share-commons,com.adobe.aem.commons.assetshare.components.predicates.impl.options,SelectedOptionItem,1,0,5,5,18,5,0,0,0.4,0,0,/Users/gwendolynehenriette/Desktop/DesigniteJava/../asset-share-commons/core/src/main/java/com/adobe/aem/commons/assetshare/components/predicates/impl/options/SelectedOptionItem.java,24
asset-share-commons,com.adobe.aem.commons.assetshare.components.predicates.impl.options,UnselectedOptionItem,1,0,5,5,18,5,0,0,0.4,0,0,/Users/gwendolynehenriette/Desktop/DesigniteJava/../asset-share-commons/core/src/main/java/com/adobe/aem/commons/assetshare/components/predicates/impl/options/UnselectedOptionItem.java,24
asset-share-commons,com.adobe.aem.commons.assetshare.components.predicates.impl.options,SortOptionItem,4,0,6,6,26,6,0,0,0.3333333333333333,0,0,/Users/gwendolynehenriette/Desktop/DesigniteJava/../asset-share-commons/core/src/main/java/com/adobe/aem/commons/assetshare/components/predicates/impl/options/SortOptionItem.java,21
asset-share-commons,com.adobe.aem.commons.assetshare.components.predicates.impl.options,CustomOptionItem,4,0,6,6,27,6,0,0,0.3333333333333333,0,0,/Users/gwendolynehenriette/Desktop/DesigniteJava/../asset-share-commons/core/src/main/java/com/adobe/aem/commons/assetshare/components/predicates/impl/options/CustomOptionItem.java,25
asset-share-commons,com.adobe.aem.commons.assetshare.components.predicates.impl.options,JsonOptionItem,3,0,4,4,19,4,0,0,0.0,0,0,/Users/gwendolynehenriette/Desktop/DesigniteJava/../asset-share-commons/core/src/main/java/com/adobe/aem/commons/assetshare/components/predicates/impl/options/JsonOptionItem.java,5
asset-share-commons,com.adobe.aem.commons.assetshare.components.assetkit,AssetKit,0,0,2,0,14,2,0,0,-1.0,2,0,/Users/gwendolynehenriette/Desktop/DesigniteJava/../asset-share-commons/core/src/main/java/com/adobe/aem/commons/assetshare/components/assetkit/AssetKit.java,27
asset-share-commons,com.adobe.aem.commons.assetshare.components.assetkit,AssetKit.Filter,0,0,0,0,3,0,0,0,-1.0,0,0,/Users/gwendolynehenriette/Desktop/DesigniteJava/../asset-share-commons/core/src/main/java/com/adobe/aem/commons/assetshare/components/assetkit/AssetKit.java,41
asset-share-commons,com.adobe.aem.commons.assetshare.components.details,EmptyTextComponent,0,0,2,0,4,2,8,0,-1.0,0,0,/Users/gwendolynehenriette/Desktop/DesigniteJava/../asset-share-commons/core/src/main/java/com/adobe/aem/commons/assetshare/components/details/EmptyTextComponent.java,25
asset-share-commons,com.adobe.aem.commons.assetshare.components.details,EditorLinks,0,0,2,0,4,2,0,1,-1.0,1,0,/Users/gwendolynehenriette/Desktop/DesigniteJava/../asset-share-commons/core/src/main/java/com/adobe/aem/commons/assetshare/components/details/EditorLinks.java,24
asset-share-commons,com.adobe.aem.commons.assetshare.components.details,Image,0,0,3,0,7,3,0,1,-1.0,1,0,/Users/gwendolynehenriette/Desktop/DesigniteJava/../asset-share-commons/core/src/main/java/com/adobe/aem/commons/assetshare/components/details/Image.java,24
asset-share-commons,com.adobe.aem.commons.assetshare.components.details,Tags,0,0,1,0,6,1,0,1,-1.0,0,0,/Users/gwendolynehenriette/Desktop/DesigniteJava/../asset-share-commons/core/src/main/java/com/adobe/aem/commons/assetshare/components/details/Tags.java,24
asset-share-commons,com.adobe.aem.commons.assetshare.components.details,ActionButtons,0,0,0,0,2,0,0,1,-1.0,0,0,/Users/gwendolynehenriette/Desktop/DesigniteJava/../asset-share-commons/core/src/main/java/com/adobe/aem/commons/assetshare/components/details/ActionButtons.java,24
asset-share-commons,com.adobe.aem.commons.assetshare.components.details,Title,0,0,2,0,10,2,0,1,-1.0,0,0,/Users/gwendolynehenriette/Desktop/DesigniteJava/../asset-share-commons/core/src/main/java/com/adobe/aem/commons/assetshare/components/details/Title.java,24
asset-share-commons,com.adobe.aem.commons.assetshare.components.details,Video,0,0,2,0,13,2,0,1,-1.0,1,0,/Users/gwendolynehenriette/Desktop/DesigniteJava/../asset-share-commons/core/src/main/java/com/adobe/aem/commons/assetshare/components/details/Video.java,5
asset-share-commons,com.adobe.aem.commons.assetshare.components.details,Metadata,1,0,10,2,51,12,0,1,-1.0,2,0,/Users/gwendolynehenriette/Desktop/DesigniteJava/../asset-share-commons/core/src/main/java/com/adobe/aem/commons/assetshare/components/details/Metadata.java,30
asset-share-commons,com.adobe.aem.commons.assetshare.components.details,Metadata.DataType,1,0,0,0,19,0,0,0,-1.0,0,0,/Users/gwendolynehenriette/Desktop/DesigniteJava/../asset-share-commons/core/src/main/java/com/adobe/aem/commons/assetshare/components/details/Metadata.java,76
asset-share-commons,com.adobe.aem.commons.assetshare.components.details,Renditions,0,0,3,0,5,3,0,1,-1.0,0,0,/Users/gwendolynehenriette/Desktop/DesigniteJava/../asset-share-commons/core/src/main/java/com/adobe/aem/commons/assetshare/components/details/Renditions.java,27
asset-share-commons,com.adobe.aem.commons.assetshare.components,Component,0,0,1,0,6,1,0,0,-1.0,0,0,/Users/gwendolynehenriette/Desktop/DesigniteJava/../asset-share-commons/core/src/main/java/com/adobe/aem/commons/assetshare/components/Component.java,24
asset-share-commons,com.adobe.aem.commons.assetshare.components.search.impl,StatisticsImpl,5,1,8,7,34,9,0,0,0.375,0,2,/Users/gwendolynehenriette/Desktop/DesigniteJava/../asset-share-commons/core/src/main/java/com/adobe/aem/commons/assetshare/components/search/impl/StatisticsImpl.java,17
asset-share-commons,com.adobe.aem.commons.assetshare.components.search.impl,SearchConfigImpl,26,1,15,12,106,21,0,0,0.0,0,1,/Users/gwendolynehenriette/Desktop/DesigniteJava/../asset-share-commons/core/src/main/java/com/adobe/aem/commons/assetshare/components/search/impl/SearchConfigImpl.java,32
asset-share-commons,com.adobe.aem.commons.assetshare.components.search,SearchConfig,0,0,12,0,62,12,0,0,-1.0,3,0,/Users/gwendolynehenriette/Desktop/DesigniteJava/../asset-share-commons/core/src/main/java/com/adobe/aem/commons/assetshare/components/search/SearchConfig.java,10
asset-share-commons,com.adobe.aem.commons.assetshare.components.search,Statistics,0,0,5,0,25,5,0,0,-1.0,0,0,/Users/gwendolynehenriette/Desktop/DesigniteJava/../asset-share-commons/core/src/main/java/com/adobe/aem/commons/assetshare/components/search/Statistics.java,6
asset-share-commons,com.adobe.aem.commons.assetshare.components.actions.download.impl,DownloadImpl,22,5,13,10,123,22,0,0,0.23076923076923078,1,4,/Users/gwendolynehenriette/Desktop/DesigniteJava/../asset-share-commons/core/src/main/java/com/adobe/aem/commons/assetshare/components/actions/download/impl/DownloadImpl.java,57
asset-share-commons,com.adobe.aem.commons.assetshare.components.actions.download.impl,AsyncAssetRenditionsDownloadServletTest,1,1,3,3,18,3,0,0,0.0,0,3,/Users/gwendolynehenriette/Desktop/DesigniteJava/../asset-share-commons/core.cloud/src/test/java/com/adobe/aem/commons/assetshare/components/actions/download/impl/AsyncAssetRenditionsDownloadServletTest.java,22
asset-share-commons,com.adobe.aem.commons.assetshare.components.actions.download.impl,DownloadImplTest,8,1,16,16,148,16,0,0,0.0,0,8,/Users/gwendolynehenriette/Desktop/DesigniteJava/../asset-share-commons/core.cloud/src/test/java/com/adobe/aem/commons/assetshare/components/actions/download/impl/DownloadImplTest.java,38
asset-share-commons,com.adobe.aem.commons.assetshare.components.actions.download.impl,DownloadImplTest.IsSameResourceByPath,1,0,0,0,9,0,0,0,-1.0,0,0,/Users/gwendolynehenriette/Desktop/DesigniteJava/../asset-share-commons/core.cloud/src/test/java/com/adobe/aem/commons/assetshare/components/actions/download/impl/DownloadImplTest.java,282
asset-share-commons,com.adobe.aem.commons.assetshare.components.actions.download,Download,2,0,9,0,57,9,0,0,-1.0,1,0,/Users/gwendolynehenriette/Desktop/DesigniteJava/../asset-share-commons/core/src/main/java/com/adobe/aem/commons/assetshare/components/actions/download/Download.java,33
asset-share-commons,com.adobe.aem.commons.assetshare.components.actions.download,Download.AssetRenditionsGroup,2,0,0,0,18,0,0,0,-1.0,0,0,/Users/gwendolynehenriette/Desktop/DesigniteJava/../asset-share-commons/core/src/main/java/com/adobe/aem/commons/assetshare/components/actions/download/Download.java,82
asset-share-commons,com.adobe.aem.commons.assetshare.components.actions,ActionHelper,0,0,3,0,5,3,0,0,-1.0,8,0,/Users/gwendolynehenriette/Desktop/DesigniteJava/../asset-share-commons/core/src/main/java/com/adobe/aem/commons/assetshare/components/actions/ActionHelper.java,29
asset-share-commons,com.adobe.aem.commons.assetshare.components.actions,AssetDownloadHelper,0,0,2,0,14,2,0,0,-1.0,3,0,/Users/gwendolynehenriette/Desktop/DesigniteJava/../asset-share-commons/core/src/main/java/com/adobe/aem/commons/assetshare/components/actions/AssetDownloadHelper.java,9
asset-share-commons,com.adobe.aem.commons.assetshare.components.actions.cart.impl,CartImpl,5,0,4,3,25,6,0,0,0.5,0,1,/Users/gwendolynehenriette/Desktop/DesigniteJava/../asset-share-commons/core/src/main/java/com/adobe/aem/commons/assetshare/components/actions/cart/impl/CartImpl.java,39
asset-share-commons,com.adobe.aem.commons.assetshare.components.actions.cart,Cart,0,0,2,0,4,2,0,0,-1.0,0,0,/Users/gwendolynehenriette/Desktop/DesigniteJava/../asset-share-commons/core/src/main/java/com/adobe/aem/commons/assetshare/components/actions/cart/Cart.java,27
asset-share-commons,com.adobe.aem.commons.assetshare.components.actions.share.impl,EmailShareImpl,5,0,6,5,43,10,0,1,0.5,1,0,/Users/gwendolynehenriette/Desktop/DesigniteJava/../asset-share-commons/core/src/main/java/com/adobe/aem/commons/assetshare/components/actions/share/impl/EmailShareImpl.java,44
asset-share-commons,com.adobe.aem.commons.assetshare.components.actions.share.impl,EmailShareServiceImpl,14,2,12,2,176,31,0,0,0.16666666666666666,0,7,/Users/gwendolynehenriette/Desktop/DesigniteJava/../asset-share-commons/core/src/main/java/com/adobe/aem/commons/assetshare/components/actions/share/impl/EmailShareServiceImpl.java,78
asset-share-commons,com.adobe.aem.commons.assetshare.components.actions.share.impl,ShareServlet,3,0,2,0,38,4,0,0,0.0,0,1,/Users/gwendolynehenriette/Desktop/DesigniteJava/../asset-share-commons/core/src/main/java/com/adobe/aem/commons/assetshare/components/actions/share/impl/ShareServlet.java,43
asset-share-commons,com.adobe.aem.commons.assetshare.components.actions.share.impl,ShareImpl,4,0,3,2,21,5,1,0,0.0,0,1,/Users/gwendolynehenriette/Desktop/DesigniteJava/../asset-share-commons/core/src/main/java/com/adobe/aem/commons/assetshare/components/actions/share/impl/ShareImpl.java,35
asset-share-commons,com.adobe.aem.commons.assetshare.components.actions.share,EmailShare,3,0,4,0,23,4,0,1,-1.0,1,0,/Users/gwendolynehenriette/Desktop/DesigniteJava/../asset-share-commons/core/src/main/java/com/adobe/aem/commons/assetshare/components/actions/share/EmailShare.java,25
asset-share-commons,com.adobe.aem.commons.assetshare.components.actions.share,ShareService,0,0,2,0,18,2,0,0,-1.0,2,1,/Users/gwendolynehenriette/Desktop/DesigniteJava/../asset-share-commons/core/src/main/java/com/adobe/aem/commons/assetshare/components/actions/share/ShareService.java,27
asset-share-commons,com.adobe.aem.commons.assetshare.components.actions.share,Share,0,0,2,0,4,2,1,0,-1.0,0,0,/Users/gwendolynehenriette/Desktop/DesigniteJava/../asset-share-commons/core/src/main/java/com/adobe/aem/commons/assetshare/components/actions/share/Share.java,27
asset-share-commons,com.adobe.aem.commons.assetshare.components.actions.share,ShareException,0,0,3,3,27,3,0,0,-1.0,1,0,/Users/gwendolynehenriette/Desktop/DesigniteJava/../asset-share-commons/core/src/main/java/com/adobe/aem/commons/assetshare/components/actions/share/ShareException.java,22
asset-share-commons,com.adobe.aem.commons.assetshare.components.structure.impl,HeaderImpl,12,0,12,6,134,31,0,0,0.16666666666666666,0,2,/Users/gwendolynehenriette/Desktop/DesigniteJava/../asset-share-commons/core/src/main/java/com/adobe/aem/commons/assetshare/components/structure/impl/HeaderImpl.java,44
asset-share-commons,com.adobe.aem.commons.assetshare.components.structure.impl,NavigationItemImpl,6,0,7,7,34,7,0,0,0.0,1,0,/Users/gwendolynehenriette/Desktop/DesigniteJava/../asset-share-commons/core/src/main/java/com/adobe/aem/commons/assetshare/components/structure/impl/NavigationItemImpl.java,25
asset-share-commons,com.adobe.aem.commons.assetshare.components.structure.impl,UserMenuImpl,11,0,2,2,23,2,0,0,1.0,0,0,/Users/gwendolynehenriette/Desktop/DesigniteJava/../asset-share-commons/core/src/main/java/com/adobe/aem/commons/assetshare/components/structure/impl/UserMenuImpl.java,38
asset-share-commons,com.adobe.aem.commons.assetshare.components.structure,UserMenu,0,0,0,0,2,0,0,0,-1.0,0,0,/Users/gwendolynehenriette/Desktop/DesigniteJava/../asset-share-commons/core/src/main/java/com/adobe/aem/commons/assetshare/components/structure/UserMenu.java,25
asset-share-commons,com.adobe.aem.commons.assetshare.components.structure,Header,7,0,4,0,77,4,0,0,-1.0,1,0,/Users/gwendolynehenriette/Desktop/DesigniteJava/../asset-share-commons/core/src/main/java/com/adobe/aem/commons/assetshare/components/structure/Header.java,28
asset-share-commons,com.adobe.aem.commons.assetshare.components.structure,Header.NavigationItem,0,0,0,0,29,0,0,0,-1.0,0,0,/Users/gwendolynehenriette/Desktop/DesigniteJava/../asset-share-commons/core/src/main/java/com/adobe/aem/commons/assetshare/components/structure/Header.java,90
asset-share-commons,com.adobe.aem.commons.assetshare.workflow.assetkit.impl,AssetKitCreatorWorkflowProcess,13,4,4,1,96,15,0,0,0.5,0,1,/Users/gwendolynehenriette/Desktop/DesigniteJava/../asset-share-commons/core/src/main/java/com/adobe/aem/commons/assetshare/workflow/assetkit/impl/AssetKitCreatorWorkflowProcess.java,56
asset-share-commons,com.adobe.aem.commons.assetshare.workflow.assetkit.impl,AssetKitReplicationWorkflowProcess,5,0,1,1,59,10,0,0,0.0,0,2,/Users/gwendolynehenriette/Desktop/DesigniteJava/../asset-share-commons/core/src/main/java/com/adobe/aem/commons/assetshare/workflow/assetkit/impl/AssetKitReplicationWorkflowProcess.java,48
asset-share-commons,com.adobe.aem.commons.assetshare.content.renditions.download.async.impl,ExpressionDownloadArchiveNamerTest,4,1,3,3,41,3,0,0,0.0,0,8,/Users/gwendolynehenriette/Desktop/DesigniteJava/../asset-share-commons/core.cloud/src/test/java/com/adobe/aem/commons/assetshare/content/renditions/download/async/impl/ExpressionDownloadArchiveNamerTest.java,27
asset-share-commons,com.adobe.aem.commons.assetshare.content.renditions.download.async.impl,ExpressionDownloadArchiveNamerTest.TestDownloadExtensionResolver,0,0,0,0,8,0,0,0,-1.0,0,0,/Users/gwendolynehenriette/Desktop/DesigniteJava/../asset-share-commons/core.cloud/src/test/java/com/adobe/aem/commons/assetshare/content/renditions/download/async/impl/ExpressionDownloadArchiveNamerTest.java,89
asset-share-commons,com.adobe.aem.commons.assetshare.content.renditions.download.async.impl,AsyncAssetRenditionsDownloadServletTest,2,1,2,2,24,2,0,0,0.0,0,1,/Users/gwendolynehenriette/Desktop/DesigniteJava/../asset-share-commons/core.cloud/src/test/java/com/adobe/aem/commons/assetshare/content/renditions/download/async/impl/AsyncAssetRenditionsDownloadServletTest.java,12
asset-share-commons,com.adobe.aem.commons.assetshare.content.renditions.download.async.impl,NamedRenditionDownloadTargetProcessor,12,7,3,3,72,10,0,0,0.6666666666666666,1,6,/Users/gwendolynehenriette/Desktop/DesigniteJava/../asset-share-commons/core.cloud/src/main/java/com/adobe/aem/commons/assetshare/content/renditions/download/async/impl/NamedRenditionDownloadTargetProcessor.java,52
asset-share-commons,com.adobe.aem.commons.assetshare.content.renditions.download.async.impl,AsyncAssetRenditionsDownloadServlet,19,3,5,0,112,14,0,0,0.0,2,5,/Users/gwendolynehenriette/Desktop/DesigniteJava/../asset-share-commons/core.cloud/src/main/java/com/adobe/aem/commons/assetshare/content/renditions/download/async/impl/AsyncAssetRenditionsDownloadServlet.java,56
asset-share-commons,com.adobe.aem.commons.assetshare.content.renditions.download.async.impl,DownloadEntryImpl,4,0,18,18,92,23,0,0,0.0,0,0,/Users/gwendolynehenriette/Desktop/DesigniteJava/../asset-share-commons/core.cloud/src/main/java/com/adobe/aem/commons/assetshare/content/renditions/download/async/impl/DownloadEntryImpl.java,32
asset-share-commons,com.adobe.aem.commons.assetshare.content.renditions.download.async.impl,ExpressionDownloadArchiveNamer,3,0,2,1,35,7,0,0,0.0,0,6,/Users/gwendolynehenriette/Desktop/DesigniteJava/../asset-share-commons/core.cloud/src/main/java/com/adobe/aem/commons/assetshare/content/renditions/download/async/impl/ExpressionDownloadArchiveNamer.java,38
asset-share-commons,com.adobe.aem.commons.assetshare.content.renditions.download.async,DownloadEntry,0,0,17,0,30,17,0,0,-1.0,0,0,/Users/gwendolynehenriette/Desktop/DesigniteJava/../asset-share-commons/core.cloud/src/main/java/com/adobe/aem/commons/assetshare/content/renditions/download/async/DownloadEntry.java,9
asset-share-commons,com.adobe.aem.commons.assetshare.content.renditions.download.async,DownloadTargetParameters,1,0,0,0,8,0,0,0,-1.0,3,0,/Users/gwendolynehenriette/Desktop/DesigniteJava/../asset-share-commons/core.cloud/src/main/java/com/adobe/aem/commons/assetshare/content/renditions/download/async/DownloadTargetParameters.java,22
asset-share-commons,com.adobe.aem.commons.assetshare.content.renditions.download.async,DownloadArchiveNamer,0,0,1,0,10,1,0,0,-1.0,2,2,/Users/gwendolynehenriette/Desktop/DesigniteJava/../asset-share-commons/core.cloud/src/main/java/com/adobe/aem/commons/assetshare/content/renditions/download/async/DownloadArchiveNamer.java,10
asset-share-commons,com.adobe.aem.commons.assetshare.components.actions.downloads.impl,PlaceholderDownloadEntry,5,0,17,17,98,25,0,0,0.17647058823529413,0,0,/Users/gwendolynehenriette/Desktop/DesigniteJava/../asset-share-commons/core.cloud/src/main/java/com/adobe/aem/commons/assetshare/components/actions/downloads/impl/PlaceholderDownloadEntry.java,14
asset-share-commons,com.adobe.aem.commons.assetshare.components.actions.downloads.impl,DownloadsImpl,8,0,3,2,65,9,0,0,0.6666666666666666,0,1,/Users/gwendolynehenriette/Desktop/DesigniteJava/../asset-share-commons/core.cloud/src/main/java/com/adobe/aem/commons/assetshare/components/actions/downloads/impl/DownloadsImpl.java,37
asset-share-commons,com.adobe.aem.commons.assetshare.components.actions.downloads,Downloads,0,0,1,0,8,1,0,0,-1.0,0,0,/Users/gwendolynehenriette/Desktop/DesigniteJava/../asset-share-commons/core.cloud/src/main/java/com/adobe/aem/commons/assetshare/components/actions/downloads/Downloads.java,9
